name,place_of_birth,citizenship,national_team,birth_country,is_naturalized
Bart Verbruggen,Zwolle,Netherlands,Netherlands,Netherlands,False
Mark Flekken,Bocholtz,Netherlands,Netherlands,Netherlands,False
Justin Bijlow,Rotterdam,Netherlands,Netherlands,Netherlands,False
Micky van de Ven,Wormer,Netherlands,Netherlands,Luxembourg,True
Jan Paul van Hecke,Arnemuiden,Netherlands,Netherlands,Netherlands,False
Virgil van Dijk,Breda,Netherlands  Suriname,Netherlands,Netherlands,False
Nathan Aké,Den Haag,Netherlands  Cote d'Ivoire,Netherlands,Netherlands,False
Stefan de Vrij,Ouderkerk aan den IJssel,Netherlands,Netherlands,Netherlands,False
Jorrel Hato,Rotterdam,Netherlands  Curacao,Netherlands,Netherlands,False
Jeremie Frimpong,Amsterdam,Netherlands  Ghana,Netherlands,Netherlands,False
Denzel Dumfries,Rotterdam,Netherlands  Aruba,Netherlands,Netherlands,False
Lutsharel Geertruida,Rotterdam,Netherlands  Curacao,Netherlands,Netherlands,False
Ryan Gravenberch,Amsterdam,Netherlands  Suriname,Netherlands,Netherlands,False
Jerdy Schouten,Spijkenisse,Netherlands,Netherlands,Netherlands,False
Teun Koopmeiners,Castricum,Netherlands,Netherlands,Netherlands,False
Tijjani Reijnders,Zwolle,Netherlands,Netherlands,Netherlands,False
Kees Smit,Heiloo,Netherlands,Netherlands,Netherlands,False
Quinten Timber,Utrecht,Netherlands  Curacao,Netherlands,Netherlands,False
Luciano Valente,Groningen,Netherlands  Italy,Netherlands,Netherlands,False
Xavi Simons,Amsterdam,Netherlands  Suriname,Netherlands,Netherlands,False
Cody Gakpo,Eindhoven,Netherlands  Togo,Netherlands,Netherlands,False
Noa Lang,Capelle aan den IJssel,Netherlands  Suriname,Netherlands,Netherlands,False
Donyell Malen,Wieringen,Netherlands  Suriname,Netherlands,Netherlands,False
Brian Brobbey,Amsterdam,Netherlands  Ghana,Netherlands,Netherlands,False
Wout Weghorst,Borne,Netherlands,Netherlands,France,True
Ahmed Basil Fadhil,"---, Baghdad",Iraq,Iraq,Iraq,False
Fahad Talib,"---, Baghdad",Iraq,Iraq,Iraq,False
Kumel Al-Rekabe,Aarau,Iraq  Switzerland,Iraq,Switzerland,True
Zaid Tahseen,Najaf,Iraq,Iraq,Iraq,False
Akam Hashem,Erbil,Iraq,Iraq,Iraq,False
Maytham Jabbar,Baghdad,Iraq,Iraq,Iraq,False
Manaf Younis,Tikrit,Iraq,Iraq,Iraq,False
Frans Dhia Putros,Aarhus,Iraq  Denmark,Iraq,Denmark,True
Rebin Sulaka,"Ankawa, Erbil",Iraq  Sweden,Iraq,Iraq,False
Merchas Doski,Hannover,Iraq  Germany,Iraq,Germany,True
Ahmed Hasan,"---, Baghdad",Iraq,Iraq,Iraq,False
Hussein Ali,Malmö,Iraq  Sweden,Iraq,Sweden,True
Amir Al-Ammari,Jönköping,Iraq  Sweden,Iraq,Sweden,True
Zaid Ismail,,Iraq,Iraq,,True
Aimar Sher,Kirkuk,Iraq  Sweden,Iraq,Iraq,False
Zidane Iqbal,Manchester,Iraq  England,Iraq,United Kingdom,True
Kevin Yakob,Göteborg,Iraq  Sweden,Iraq,Sweden,True
Jussef Nasrawe,München,Iraq  Germany,Iraq,Germany,True
Ibrahim Bayesh,"---, Baghdad",Iraq,Iraq,Iraq,False
Karar Nabeel,,Iraq,Iraq,,True
Marko Farji,Grimstad,Iraq  Norway,Iraq,Norway,True
Youssef Amyn,Essen,Iraq  Germany,Iraq,Germany,True
Ali Jasim,"Rusafa, Baghdad",Iraq,Iraq,Iraq,False
Hasan Abdulkareem,"---, Baghdad",Iraq,Iraq,Iraq,False
Peter Gwargis,Sydney,Iraq  Sweden,Iraq,Australia,True
Ali Al-Hamadi,"---, Maysan",Iraq  England,Iraq,Iraq,False
Mohanad Ali,Baghdad,Iraq,Iraq,Iraq,False
Aymen Hussein,"Al-Safra, Kirkuk",Iraq,Iraq,,True
Ali Yousif,,Iraq,Iraq,,True
Nikola Vasilj,Mostar,Bosnia-Herzegovina  Croatia,Bosnia and Herzegovina,Bosnia and Herzegovina,False
Martin Zlomislic,Posušje,Bosnia-Herzegovina  Croatia,Bosnia and Herzegovina,Bosnia and Herzegovina,False
Osman Hadzikic,Klosterneuburg,Bosnia-Herzegovina  Austria,Bosnia and Herzegovina,Austria,True
Tarik Muharemović,Ljubljana,Bosnia-Herzegovina  Slovenia,Bosnia and Herzegovina,Slovenia,True
Sead Kolasinac,Karlsruhe,Bosnia-Herzegovina  Germany,Bosnia and Herzegovina,Germany,True
Nidal Celik,Sarajevo,Bosnia-Herzegovina,Bosnia and Herzegovina,Bosnia and Herzegovina,False
Stjepan Radeljic,Nova Bila,Bosnia-Herzegovina  Croatia,Bosnia and Herzegovina,Bosnia and Herzegovina,False
Nikola Katic,Ljubuški,Bosnia-Herzegovina  Croatia,Bosnia and Herzegovina,Bosnia and Herzegovina,False
Dennis Hadzikadunic,Malmö,Bosnia-Herzegovina  Sweden,Bosnia and Herzegovina,Sweden,True
Nihad Mujakic,Sarajevo,Bosnia-Herzegovina,Bosnia and Herzegovina,Bosnia and Herzegovina,False
Amar Dedić,Zell am See,Bosnia-Herzegovina,Bosnia and Herzegovina,Austria,True
Amir Hadziahmetovic,Nexø,Bosnia-Herzegovina  Denmark,Bosnia and Herzegovina,Denmark,True
Ivan Sunjic,Zenica,Bosnia-Herzegovina  Croatia,Bosnia and Herzegovina,Bosnia and Herzegovina,False
Dzenis Burnic,Hamm,Bosnia-Herzegovina  Germany,Bosnia and Herzegovina,Germany,True
Benjamin Tahirović,Spånga,Bosnia-Herzegovina  Sweden,Bosnia and Herzegovina,Sweden,True
Armin Gigovic,Lund,Bosnia-Herzegovina  Sweden,Bosnia and Herzegovina,Sweden,True
Ivan Basic,Imotski,Bosnia-Herzegovina  Croatia,Bosnia and Herzegovina,Croatia,True
Amar Memić,Sarajevo,Bosnia-Herzegovina,Bosnia and Herzegovina,Bosnia and Herzegovina,False
Ermin Mahmic,Wels,Bosnia-Herzegovina  Austria,Bosnia and Herzegovina,United Kingdom,True
Kerim Alajbegovic,Köln,Bosnia-Herzegovina  Germany,Bosnia and Herzegovina,Germany,True
Esmir Bajraktarevic,"Appleton, Wisconsin",Bosnia-Herzegovina  United States,Bosnia and Herzegovina,United States,True
Ermedin Demirovic,Hamburg,Bosnia-Herzegovina,Bosnia and Herzegovina,Germany,True
Haris Tabakovic,Grenchen,Bosnia-Herzegovina  Switzerland,Bosnia and Herzegovina,Switzerland,True
Jovo Lukić,Šabac,Bosnia-Herzegovina  Serbia,Bosnia and Herzegovina,Serbia,True
Samed Bazdar,Novi Pazar,Bosnia-Herzegovina  Serbia,Bosnia and Herzegovina,Serbia,True
Edin Dzeko,Sarajevo,Bosnia-Herzegovina,Bosnia and Herzegovina,Bosnia and Herzegovina,False
Uğurcan Çakır,Antalya,Türkiye,Turkiye,Turkey,True
Altay Bayındır,Bursa,Türkiye,Turkiye,Turkey,True
Ersin Destanoğlu,İstanbul,Türkiye,Turkiye,Turkey,True
Muhammed Şengezer,Bursa,Türkiye,Turkiye,Turkey,True
Mert Günok,Karabük,Türkiye,Turkiye,Turkey,True
Yusuf Akçiçek,İstanbul,Türkiye,Turkiye,Turkey,True
Merih Demiral,Kocaeli,Türkiye,Turkiye,Turkey,True
Ozan Kabak,Ankara,Türkiye,Turkiye,Turkey,True
Abdülkerim Bardakcı,Konya,Türkiye,Turkiye,Turkey,True
Ahmetcan Kaplan,Trabzon,Türkiye,Turkiye,Turkey,True
Çağlar Söyüncü,İzmir,Türkiye,Turkiye,Turkey,True
Samet Akaydin,Trabzon,Türkiye,Turkiye,Turkey,True
Ferdi Kadıoğlu,Arnhem,Türkiye  Netherlands,Turkiye,Netherlands,True
Eren Elmalı,İstanbul,Türkiye,Turkiye,Turkey,True
Mustafa Eskihellaç,Trabzon,Türkiye,Turkiye,Turkey,True
Zeki Çelik,Bursa,Türkiye,Turkiye,Turkey,True
Mert Müldür,Wien,Türkiye  Austria,Turkiye,Austria,True
Hakan Çalhanoğlu,Mannheim,Türkiye  Germany,Turkiye,Germany,True
İsmail Yüksek,Bursa,Türkiye,Turkiye,Turkey,True
Atakan Karazor,Essen,Türkiye  Germany,Turkiye,Germany,True
Demir Ege Tıknaz,İstanbul,Türkiye,Turkiye,Turkey,True
Salih Özcan,Köln,Türkiye  Germany,Turkiye,Germany,True
Kaan Ayhan,Gelsenkirchen,Türkiye  Germany,Turkiye,Germany,True
Orkun Kökçü,Haarlem,Türkiye  Netherlands,Turkiye,Netherlands,True
Arda Güler,Ankara,Türkiye,Turkiye,Turkey,True
Can Uzun,Regensburg,Türkiye  Germany,Turkiye,Germany,True
Kenan Yıldız,Regensburg,Türkiye  Germany,Turkiye,Germany,True
Barış Alper Yılmaz,Rize,Türkiye,Turkiye,Turkey,True
Kerem Aktürkoğlu,Kocaeli,Türkiye,Turkiye,Turkey,True
Oğuz Aydın,Den Haag,Türkiye  Netherlands,Turkiye,Netherlands,True
Aral Şimşir,Køge,Türkiye  Denmark,Turkiye,Denmark,True
Yunus Akgün,İstanbul,Türkiye,Turkiye,Turkey,True
Yusuf Sarı,Martigues,Türkiye  France,Turkiye,France,True
İrfan Can Kahveci,Çorum,Türkiye,Turkiye,Turkey,True
Deniz Gül,Stockholm,Türkiye  Sweden,Turkiye,Sweden,True
Sander Tangvik,Trondheim,Norway,Norway,Norway,False
Egil Selvik,Sandnes,Norway,Norway,Norway,False
Ørjan Nyland,Volda,Norway,Norway,Norway,False
Kristoffer Ajer,Rælingen,Norway,Norway,Norway,False
Torbjørn Heggem,Trondheim,Norway,Norway,Norway,False
Leo Østigård,Åndalsnes,Norway,Norway,Norway,False
Henrik Falchener,Tønsberg,Norway,Norway,Norway,False
Sondre Langås,Namsos,Norway,Norway,Norway,False
David Møller Wolfe,Bergen,Norway,Norway,Norway,False
Fredrik Bjørkan,Bodø,Norway,Norway,Norway,False
Julian Ryerson,Lyngdal,Norway  United States,Norway,Norway,False
Marcus Pedersen,Hammerfest,Norway,Norway,Norway,False
Sander Berge,Bærum,Norway,Norway,Norway,False
Patrick Berg,Bodø,Norway,Norway,Norway,False
Fredrik Aursnes,Hareid,Norway,Norway,Norway,False
Kristian Thorstvedt,Stavanger,Norway,Norway,Norway,False
Morten Thorsby,Oslo,Norway,Norway,Norway,False
Martin Ødegaard,Drammen,Norway,Norway,Norway,False
Thelo Aasgaard,Liverpool,Norway  England,Norway,United Kingdom,True
Antonio Nusa,Langhus,Norway  Nigeria,Norway,Norway,False
Andreas Schjelderup,Bodø,Norway,Norway,Norway,False
Jens Petter Hauge,Bodø,Norway,Norway,Norway,False
Oscar Bobb,Oslo,Norway  The Gambia,Norway,Norway,False
Erling Haaland,Leeds,Norway,Norway,United Kingdom,True
Jørgen Strand Larsen,Halden,Norway,Norway,Norway,False
Alexander Sørloth,Trondheim,Norway,Norway,Norway,False
Raúl Rangel,Zapotlán el Grande,Mexico,Mexico,Mexico,False
Carlos Acevedo,Torreón,Mexico,Mexico,Mexico,False
Israel Reyes,Autlán de Navarro,Mexico,Mexico,Mexico,False
Jesús Gallardo,Cárdenas,Mexico,Mexico,Spain,True
Érik Lira,Mexico City,Mexico,Mexico,Mexico,False
Luis Romo,Los Mochis,Mexico,Mexico,Mexico,False
Gilberto Mora,Tuxtla Gutiérrez,Mexico,Mexico,Mexico,False
Brian Gutiérrez,"Berwyn, Illinois",Mexico  United States,Mexico,United States,True
Alexis Vega,Mexico City,Mexico,Mexico,Mexico,False
Roberto Alvarado,"Salamanca, Guanajuato",Mexico,Mexico,Mexico,False
Armando González,Celaya,Mexico,Mexico,Mexico,False
Guillermo Martínez,Celaya,Mexico,Mexico,Mexico,False
El Mehdi Al Harrar,Casablanca,Morocco,Morocco,Morocco,False
Munir El Kajoui,Melilla,Morocco  Spain,Morocco,Spain,True
Yanis Benchaouch,Périgueux,Morocco  France,Morocco,France,True
Ibrahim Gomis,Perpignan,Morocco  France,Morocco,France,True
Abdelhamid Ait Boudlal,Marrakech,Morocco,Morocco,Morocco,False
Ismaël Baouf,Charleroi,Morocco  Belgium,Morocco,Belgium,True
Soufiane Bouftini,Casablanca,Morocco,Morocco,Morocco,False
Marwane Saadane,Mohammedia,Morocco,Morocco,Morocco,False
Souffian El Karouani,Den Bosch,Morocco  Netherlands,Morocco,Netherlands,True
Anass Salah-Eddine,Amsterdam,Morocco  Netherlands,Morocco,Netherlands,True
Youssef Belammari,Rabat,Morocco,Morocco,Morocco,False
Mohamed Chibi,Casablanca,Morocco,Morocco,Morocco,False
Oussama Targhalline,Casablanca,Morocco,Morocco,Morocco,False
Ayyoub Bouaddi,Senlis,Morocco  France,Morocco,France,True
Samir El Mourabet,Strasbourg,Morocco  France,Morocco,France,True
Imrân Louza,Nantes,Morocco  France,Morocco,France,True
Soufiane El-Faouzi,Siegen,Morocco  Germany,Morocco,France,True
Ismael Saibari,Terrassa,Morocco  Belgium,Morocco,Spain,True
Rayane Bounida,Vilvoorde,Morocco  Belgium,Morocco,Belgium,True
Sofiane Boufal,Paris,Morocco  France,Morocco,France,True
Amine Sbaï,Sidi Kacem,Morocco  France,Morocco,Morocco,False
Gessime Yassine,Salon-de-Provence,Morocco  France,Morocco,France,True
Ayoube Amaimouni-Echghouyab,Vic,Morocco  Spain,Morocco,Spain,True
Othmane Maamma,Alès,Morocco  France,Morocco,France,True
Yassir Zabiri,Marrakech,Morocco,Morocco,Morocco,False
Yanis Begraoui,Étampes,Morocco  France,Morocco,France,True
Ayoub El Kaabi,Casablanca,Morocco,Morocco,Morocco,False
Tawfik Bentayeb,Casablanca,Morocco,Morocco,Morocco,False
Soufiane Benjdida,Casablanca,Morocco,Morocco,Morocco,False
Zion Suzuki,"Newark, New Jersey",Japan  United States,Japan,United States,True
Keisuke Osako,"Izumi, Kagoshima",Japan,Japan,Japan,False
Tomoki Hayakawa,"Sagamihara, Kanagawa",Japan,Japan,Japan,False
Hiroki Ito,"Hamamatsu, Shizuoka",Japan,Japan,Japan,False
Ko Itakura,"Yokohama, Kanagawa",Japan,Japan,Japan,False
Tsuyoshi Watanabe,"---, Saitama",Japan,Japan,Japan,False
Junnosuke Suzuki,"Kakamigahara, Gifu",Japan,Japan,Japan,False
Shogo Taniguchi,"Kumamoto, Kumamoto",Japan,Japan,Japan,False
Maya Yoshida,"Nagasaki, Nagasaki",Japan,Japan,Japan,False
Yuto Nagatomo,"Saijo, Ehime",Japan,Japan,Japan,False
Takehiro Tomiyasu,"Fukuoka, Fukuoka",Japan,Japan,Japan,False
Yukinari Sugawara,"Toyokawa, Aichi",Japan,Japan,Japan,False
Kaishu Sano,"Tsuyama, Okayama",Japan,Japan,Japan,False
Wataru Endo,"Yokohama, Kanagawa",Japan,Japan,Japan,False
Ayumu Seko,"Osaka, Osaka",Japan,Japan,Japan,False
Ao Tanaka,"Kawasaki, Kanagawa",Japan,Japan,Japan,False
Daichi Kamada,"Iyo, Ehime",Japan,Japan,Japan,False
Daizen Maeda,"Taishi, Osaka",Japan,Japan,Japan,False
Keito Nakamura,"Abiko, Chiba",Japan,Japan,Japan,False
Takefusa Kubo,"Kawasaki, Kanagawa",Japan,Japan,Japan,False
Ritsu Doan,"Amagasaki, Hyogo",Japan,Japan,Japan,False
Junya Ito,"Yokosuka, Kanagawa",Japan,Japan,Japan,False
Yuito Suzuki,"Miura, Kanagawa",Japan,Japan,Japan,False
Ayase Ueda,"Mito, Ibaraki",Japan,Japan,Japan,False
Keisuke Goto,"Hamamatsu, Shizuoka",Japan,Japan,Japan,False
Kento Shiogai,"---, Tokyo",Japan,Japan,Japan,False
Koki Ogawa,"Yokohama, Kanagawa",Japan,Japan,Japan,False
Sergio Rochet,Nueva Palmira,Uruguay  Italy,Uruguay,Uruguay,False
Santiago Mele,Montevideo,Uruguay  Italy,Uruguay,Uruguay,False
Fernando Muslera,Buenos Aires,Uruguay  Italy,Uruguay,Argentina,True
Ronald Araujo,Rivera,Uruguay  Spain,Uruguay,Italy,True
José María Giménez,Toledo,Uruguay  Spain,Uruguay,Spain,True
Santiago Bueno,Montevideo,Uruguay  Italy,Uruguay,Uruguay,False
Sebastián Cáceres,Montevideo,Uruguay,Uruguay,Uruguay,False
Maxi Araújo,Montevideo,Uruguay,Uruguay,Uruguay,False
Mathías Olivera,Montevideo,Uruguay  Spain,Uruguay,Uruguay,False
Joaquín Piquerez,Montevideo,Uruguay  Italy,Uruguay,Uruguay,False
Juan Manuel Sanabria,Florida,Uruguay  Spain,Uruguay,United States,True
Matías Viña,Empalme Olmos,Uruguay  Italy,Uruguay,Uruguay,False
José Luis Rodríguez,Canelones,Uruguay,Uruguay,Uruguay,False
Guillermo Varela,Montevideo,Uruguay  Italy,Uruguay,Uruguay,False
Manuel Ugarte,Montevideo,Uruguay,Uruguay,Uruguay,False
Emiliano Martínez,Punta del Este,Uruguay  Italy,Uruguay,Uruguay,False
Nicolás Fonseca,Napoli,Uruguay  Italy,Uruguay,Italy,True
Federico Valverde,Montevideo,Uruguay  Spain,Uruguay,Uruguay,False
Nicolás de la Cruz,Montevideo,Uruguay  Argentina,Uruguay,Uruguay,False
Giorgian de Arrascaeta,Nuevo Berlín,Uruguay  Italy,Uruguay,Uruguay,False
Brian Rodríguez,Tranqueras,Uruguay,Uruguay,Uruguay,False
Agustín Canobbio,Montevideo,Uruguay  Italy,Uruguay,Uruguay,False
Facundo Torres,Montevideo,Uruguay,Uruguay,Uruguay,False
Facundo Pellistri,Montevideo,Uruguay  Spain,Uruguay,Uruguay,False
Darwin Núñez,Artigas,Uruguay,Uruguay,France,True
Federico Viñas,Montevideo,Uruguay,Uruguay,Uruguay,False
Agustín Álvarez,San Bautista,Uruguay,Uruguay,Uruguay,False
Rodrigo Aguirre,Montevideo,Uruguay,Uruguay,Uruguay,False
Abduvokhid Nematov,Jizzakh,Uzbekistan,Uzbekistan,Uzbekistan,False
Botirali Ergashev,"Pap, Namangan Region",Uzbekistan,Uzbekistan,Uzbekistan,False
Utkir Yusupov,Sayram,Uzbekistan,Uzbekistan,Kazakhstan,True
Vladimir Nazarov,,Uzbekistan,Uzbekistan,,True
Abdukodir Khusanov,Tashkent,Uzbekistan,Uzbekistan,Uzbekistan,False
Rustam Ashurmatov,Kokand,Uzbekistan,Uzbekistan,Uzbekistan,False
Mukhammadkodir Khamraliev,Fergana,Uzbekistan,Uzbekistan,Uzbekistan,False
Mukhammadrasul Abdumazhidov,,Uzbekistan,Uzbekistan,,True
Jakhongir Urozov,Viloyat Jizzax,Uzbekistan,Uzbekistan,Uzbekistan,False
Avazbek Ulmasaliev,Fargona,Uzbekistan,Uzbekistan,Uzbekistan,False
Umar Eshmurodov,Koson,Uzbekistan,Uzbekistan,Ukraine,True
Diyor Ortikboev,,Uzbekistan,Uzbekistan,,True
Sherzod Nasrullaev,Koson,Uzbekistan,Uzbekistan,Ukraine,True
Ibrokhimkhalil Yuldoshev,Yangyier,Uzbekistan,Uzbekistan,,True
Farrukh Sayfiev,Samarkand,Uzbekistan,Uzbekistan,Uzbekistan,False
Khozhiakbar Alizhonov,Tashkent,Uzbekistan,Uzbekistan,Uzbekistan,False
Bekhruz Karimov,,Uzbekistan,Uzbekistan,,True
Odildzhon Khamrobekov,Namangan,Uzbekistan,Uzbekistan,Uzbekistan,False
Umarali Rakhmonaliev,,Uzbekistan,Uzbekistan,,True
Abdulla Abdullaev,Kurgantepa,Uzbekistan,Uzbekistan,Uzbekistan,False
Aziz Ganiev,Jizzakh,Uzbekistan,Uzbekistan,Uzbekistan,False
Otabek Shukurov,Chirakchi,Uzbekistan,Uzbekistan,Uzbekistan,False
Akmal Mozgovoy,Qarshi,Uzbekistan,Uzbekistan,Uzbekistan,False
Sherzod Esanov,Navoi,Uzbekistan,Uzbekistan,Uzbekistan,False
Jamshid Iskanderov,Urganch,Uzbekistan,Uzbekistan,Uzbekistan,False
Jasurbek Jaloliddinov,Navoi,Uzbekistan,Uzbekistan,Uzbekistan,False
Kuvondik Ruziev,Jarkurgan,Uzbekistan,Uzbekistan,Uzbekistan,False
Oston Urunov,Navoiy,Uzbekistan,Uzbekistan,Uzbekistan,False
Jaloliddin Masharipov,Urganch,Uzbekistan,Uzbekistan,Uzbekistan,False
Ruslanbek Jiyanov,Tashkent,Uzbekistan,Uzbekistan,Uzbekistan,False
Sardorbek Bakhromov,,Uzbekistan,Uzbekistan,,True
Abbosbek Fayzullaev,Sirdaryo,Uzbekistan,Uzbekistan,Kazakhstan,True
Dostonbek Khamdamov,"Bekabad, Tashkent Region",Uzbekistan,Uzbekistan,Uzbekistan,False
Nodir Abdurazzakov,,Uzbekistan,Uzbekistan,,True
Alisher Odilov,,Uzbekistan,Uzbekistan,,True
Eldor Shomurodov,"Jarkurgan, Surxondaryo Region",Uzbekistan,Uzbekistan,Uzbekistan,False
Igor Sergeev,Tashkent,Uzbekistan  Russia,Uzbekistan,Uzbekistan,False
Khusayin Norchaev,,Uzbekistan,Uzbekistan,,True
Sherzod Temirov,Guzar,Uzbekistan,Uzbekistan,Uzbekistan,False
Azizbek Amanov,Zarafshan,Uzbekistan,Uzbekistan,Uzbekistan,False
Patrick Schulte,"Saint Charles, Missouri",United States,United States,United States,False
Matt Turner,"Park Ridge, New Jersey",United States  Lithuania,United States,United States,False
Chris Brady,"Naperville, Illinois",United States  Scotland,United States,United States,False
Matt Freese,"Wayne, Pennsylvania",United States  Germany,United States,United States,False
Chris Richards,"Birmingham, Alabama",United States,United States,United States,False
Auston Trusty,"Media, Pennsylvania",United States,United States,United States,False
Mark McKenzie,"New York City, New York",United States  Jamaica,United States,United States,False
Miles Robinson,"Arlington, Massachusetts",United States,United States,United States,False
Tim Ream,"St. Louis, Missouri",United States,United States,United States,False
Antonee Robinson,Milton Keynes,United States  England,United States,United Kingdom,True
Joe Scally,"Lake Grove, New York",United States,United States,United States,False
Alex Freeman,"Baltimore, Maryland",United States,United States,United States,False
Tanner Tessmann,"Birmingham, Alabama",United States,United States,United States,False
Weston McKennie,"Little Elm, Texas",United States,United States,United States,False
Johnny Cardoso,"Denville, New Jersey",United States  Italy,United States,United States,False
Aidan Morris,"Fort Lauderdale, Florida",United States  Canada,United States,United States,False
Sebastian Berhalter,London,United States  Ireland,United States,United Kingdom,True
Cristian Roldán,"Artesia, California",United States  El Salvador,United States,United States,False
Timothy Weah,"New York City, New York",United States  France,United States,United States,False
Malik Tillman,Nürnberg,United States  Germany,United States,Germany,True
Brenden Aaronson,"Medford, New Jersey",United States,United States,United States,False
Giovanni Reyna,Sunderland,United States  Portugal,United States,United Kingdom,True
Max Arfsten,"Fresno, California",United States,United States,United States,False
Christian Pulisic,"Hershey, Pennsylvania",United States  Croatia,United States,United States,False
Folarin Balogun,"New York City, New York",United States  England,United States,United States,False
Ricardo Pepi,"El Paso, Texas",United States  Mexico,United States,United States,False
Patrick Agyemang,"East Hartford, Connecticut",United States  Ghana,United States,United States,False
Dominik Kotarski,Zabok,Croatia,Croatia,Croatia,False
Dominik Livakovic,Zadar,Croatia,Croatia,Croatia,False
Ivor Pandur,Rijeka,Croatia,Croatia,Croatia,False
Josko Gvardiol,Zagreb,Croatia,Croatia,Croatia,False
Luka Vuskovic,Split,Croatia,Croatia,Croatia,False
Josip Sutalo,Čapljina,Croatia,Croatia,Bosnia and Herzegovina,True
Marin Pongracic,Landshut,Croatia  Germany,Croatia,Germany,True
Martin Erlić,Zadar,Croatia,Croatia,Croatia,False
Duje Caleta-Car,Šibenik,Croatia,Croatia,Croatia,False
Josip Stanisic,München,Croatia  Germany,Croatia,Germany,True
Nikola Moro,Split,Croatia,Croatia,Croatia,False
Kristijan Jakic,Split,Croatia,Croatia,Croatia,False
Petar Sučić,Livno,Croatia  Bosnia-Herzegovina,Croatia,Bosnia and Herzegovina,True
Mateo Kovacic,Linz,Croatia,Croatia,Austria,True
Luka Sucic,Linz,Croatia,Croatia,Austria,True
Mario Pašalić,Mainz,Croatia,Croatia,Germany,True
Luka Modrić,Zadar,Croatia,Croatia,Croatia,False
Martin Baturina,Zürich,Croatia,Croatia,Switzerland,True
Nikola Vlašić,Split,Croatia,Croatia,Croatia,False
Toni Fruk,Našice,Croatia,Croatia,Croatia,False
Andrej Kramaric,Zagreb,Croatia,Croatia,Croatia,False
Ivan Perišić,Split,Croatia,Croatia,Croatia,False
Marco Pašalić,Karlsruhe,Croatia  Germany,Croatia,Germany,True
Igor Matanovic,Hamburg,Croatia  Germany,Croatia,Germany,True
Petar Musa,Zagreb,Croatia,Croatia,Croatia,False
Ante Budimir,Zenica,Croatia,Croatia,Bosnia and Herzegovina,True
Yahia Fofana,Paris,Cote d'Ivoire  France,Ivory Coast,France,True
Alban Lafont,Ouagadougou,Cote d'Ivoire  France,Ivory Coast,Burkina Faso,True
Mohamed Koné,Adjamé,Cote d'Ivoire  France,Ivory Coast,Côte d'Ivoire,True
Ousmane Diomande,Abidjan,Cote d'Ivoire,Ivory Coast,Côte d'Ivoire,True
Evan Ndicka,Paris,Cote d'Ivoire  France,Ivory Coast,France,True
Wilfried Singo,Grand-Béréby,Cote d'Ivoire,Ivory Coast,Côte d'Ivoire,True
Odilon Kossounou,Abidjan,Cote d'Ivoire,Ivory Coast,Côte d'Ivoire,True
Emmanuel Agbadou,Abidjan,Cote d'Ivoire,Ivory Coast,Côte d'Ivoire,True
Clément Akpa,Meudon,Cote d'Ivoire  France,Ivory Coast,France,True
Ghislain Konan,Abidjan,Cote d'Ivoire,Ivory Coast,Côte d'Ivoire,True
Guéla Doué,Angers,Cote d'Ivoire  France,Ivory Coast,France,True
Ibrahim Sangaré,Abidjan,Cote d'Ivoire,Ivory Coast,Côte d'Ivoire,True
Jean Michaël Seri,Grand-Béréby,Cote d'Ivoire,Ivory Coast,Côte d'Ivoire,True
Christ Inao Oulaï,Yopougon,Cote d'Ivoire,Ivory Coast,Côte d'Ivoire,True
Franck Kessié,Ouragahio,Cote d'Ivoire  Italy,Ivory Coast,Côte d'Ivoire,True
Seko Fofana,Paris,Cote d'Ivoire  France,Ivory Coast,France,True
Yan Diomande,Abidjan,Cote d'Ivoire,Ivory Coast,Côte d'Ivoire,True
Bazoumana Touré,Bouaké,Cote d'Ivoire,Ivory Coast,Côte d'Ivoire,True
Simon Adingra,Abobo,Cote d'Ivoire,Ivory Coast,Côte d'Ivoire,True
Parfait Guiagon,Logouale,Cote d'Ivoire,Ivory Coast,Côte d'Ivoire,True
Amad Diallo,Abidjan,Cote d'Ivoire  Italy,Ivory Coast,Côte d'Ivoire,True
Evann Guessand,Ajaccio,Cote d'Ivoire  France,Ivory Coast,France,True
Nicolas Pépé,Mantes-la-Jolie,Cote d'Ivoire  France,Ivory Coast,France,True
Ange-Yoan Bonny,Aubervilliers,Cote d'Ivoire  France,Ivory Coast,France,True
Elye Wahi,Courcouronnes,Cote d'Ivoire  France,Ivory Coast,France,True
Oumar Diakité,Bingerville,Cote d'Ivoire,Ivory Coast,Côte d'Ivoire,True
Yazeed Abulaila,Zarqa,Jordan,Jordan,Jordan,False
Abdallah Al-Fakhouri,Russeifa,Jordan,Jordan,Jordan,False
Abdel Rahman Al-Talalga,,Jordan,Jordan,,True
Yazan Al-Arab,Russeifa,Jordan,Jordan,Jordan,False
Abdallah Nasib,Aqaba,Jordan,Jordan,Jordan,False
Husam Abu Dahab,,Jordan,Jordan,,True
Yousef Abu Al-Jazar,Ar-Ramtha,Jordan,Jordan,Jordan,False
Mohammad Abualnadi,"Overland Park, Kansas",Jordan  United States,Jordan,United States,True
Saleem Obaid,Amman,Jordan,Jordan,Jordan,False
Mohammad Abu Hasheesh,,Jordan  Iraq,Jordan,,True
Mohannad Abu Taha,Amman,Jordan,Jordan,Jordan,False
Mohammad Taha,,Jordan,Jordan,,True
Nizar Al-Rashdan,Irbid,Jordan,Jordan,Jordan,False
Noor Al-Rawabdeh,Amman,Jordan,Jordan,Jordan,False
Amer Jamous,,Jordan,Jordan,,True
Ibrahim Saadeh,Zarqa,Jordan,Jordan,Jordan,False
Mohammad Al-Dawoud,,Jordan,Jordan,,True
Yousef Qashi,,Jordan  Germany,Jordan,,True
Ahmad Assaf,München,Jordan  Germany,Jordan,Germany,True
Mahmoud Al-Mardi,Aqaba,Jordan,Jordan,Jordan,False
Odeh Fakhoury,,Jordan,Jordan,,True
Mousa Tamari,Amman,Jordan,Jordan,Jordan,False
Shararh,Ar-Ramtha,Jordan,Jordan,Jordan,False
Ali Azaizeh,-,Jordan  Germany,Jordan,,True
Ibrahim Sabra,Amman,Jordan,Jordan,Jordan,False
Baha'a Faisal,Zarqa,Jordan,Jordan,Jordan,False
Oufa Shobeir,Giza,Egypt,Egypt,Egypt,False
Mohamed Alaa,,Egypt,Egypt,,True
Mohamed El Shenawy,El Hamool,Egypt,Egypt,,True
El Mahdi Soliman,,Egypt,Egypt,,True
Mohamed Abdelmonem,Zagazig,Egypt,Egypt,Egypt,False
Hossam Abdelmaguid,,Egypt,Egypt,,True
Ramy Rabia,Kairo,Egypt,Egypt,Egypt,False
Yasser Ibrahim,Mansoura,Egypt,Egypt,Cyprus,True
Ahmed Fatouh,Kairo,Egypt,Egypt,Egypt,False
Karim Hafez,Beheira,Egypt,Egypt,Egypt,False
Mohamed Hany,Kairo,Egypt,Egypt,Egypt,False
Tarek Alaa,,Egypt,Egypt,,True
Marwan Ateya,Kafr El Dawwar,Egypt,Egypt,,True
Mohanad Lasheen,Kairo,Egypt,Egypt,Egypt,False
Hamdy Fathy,Behira,Egypt,Egypt,India,True
Nabil Dunga,,Egypt,Egypt,,True
Emam Ashour,El Senbellawein,Egypt,Egypt,Egypt,False
Mahmoud Saber,Desouk,Egypt,Egypt,Egypt,False
Trezeguet,Kafr El-Sheikh,Egypt,Egypt,Egypt,False
Ibrahim Adel,Port Said,Egypt,Egypt,Egypt,False
Mostafa Ziko,Alexandria,Egypt,Egypt,Egypt,False
Mohamed Salah,"Nagrig, Basyoun",Egypt,Egypt,,True
Haissem Hassan,Bagnolet,Egypt  France,Egypt,France,True
Zizo,Minya,Egypt,Egypt,Egypt,False
Omar Marmoush,Cairo,Egypt  Canada,Egypt,Egypt,False
Hamza Abdelkarim,Kairo,Egypt,Egypt,Egypt,False
Aqtay Abdallah,,Egypt,Egypt,,True
Meshaal Barsham,Khartoum,Qatar  Sudan,Qatar,Sudan,True
Mahmoud Abunada,Doha,Qatar  Palestine,Qatar,Qatar,False
Shehab Ellethy,-,Qatar  Egypt,Qatar,,True
Tarek Salman,Al-Wakrah,Qatar  Egypt,Qatar,Qatar,False
Lucas Mendes,Curitiba,Qatar  Brazil,Qatar,Brazil,True
Youssef Ayman,-,Qatar  Egypt,Qatar,,True
Niall Mason,Brighton,Qatar  United States,Qatar,United Kingdom,True
Al-Hashmi Al-Hussain,-,Qatar  Sudan,Qatar,,True
Issa Laye,-,Qatar  Senegal,Qatar,,True
Homam Al-Amin,Doha,Qatar  Sudan,Qatar,Qatar,False
Mohammed Waad,"---, Baghdad",Qatar  Iraq,Qatar,Iraq,True
Sultan Al-Brake,Doha,Qatar,Qatar,Qatar,False
Ayoub Al-Oui,,Qatar,Qatar,,True
Jassem Gaber,Doha,Qatar  Egypt,Qatar,Qatar,False
Mohamed Al-Mannai,,Qatar  Tunisia,Qatar,,True
Assim Madibo,Khartoum,Qatar  Sudan,Qatar,Sudan,True
Ahmed Fathi,Doha,Qatar  Egypt,Qatar,Qatar,False
Abdulaziz Hatim,Doha,Qatar  Sudan,Qatar,Qatar,False
Anas Abweny,,Qatar  Jordan,Qatar,,True
Akram Afif,Doha,Qatar  Yemen,Qatar,Qatar,False
Edmílson Junior,Liège,Qatar  Brazil,Qatar,Belgium,True
Mohamed Khaled Gouda,,Qatar  Egypt,Qatar,,True
Khalid Ali Sabah,,Qatar  Yemen,Qatar,,True
Ahmed Alaaeldin,Ismailia,Qatar  Egypt,Qatar,Egypt,True
Mohammed Muntari,Kumasi,Qatar  Ghana,Qatar,Ghana,True
Alexander Nübel,Paderborn,Germany,Germany,Germany,False
Manuel Neuer,Gelsenkirchen,Germany,Germany,Germany,False
Oliver Baumann,Breisach am Rhein,Germany,Germany,Germany,False
Nico Schlotterbeck,Waiblingen,Germany,Germany,Germany,False
Malick Thiaw,Düsseldorf,Germany  Finland,Germany,Germany,False
Jonathan Tah,Hamburg,Germany  Cote d'Ivoire,Germany,Germany,False
Waldemar Anton,Almalyk,Germany,Germany,Uzbekistan,True
Antonio Rüdiger,Berlin,Germany  Sierra Leone,Germany,Germany,False
Nathaniel Brown,Amberg,Germany  United States,Germany,Germany,False
David Raum,Nürnberg,Germany,Germany,Germany,False
Aleksandar Pavlovic,München,Germany  Serbia,Germany,Germany,False
Angelo Stiller,München,Germany,Germany,Germany,False
Joshua Kimmich,Rottweil,Germany,Germany,Germany,False
Felix Nmecha,Hamburg,Germany  England,Germany,Germany,False
Nadiem Amiri,Ludwigshafen am Rhein,Germany,Germany,Germany,False
Leon Goretzka,Bochum,Germany,Germany,Germany,False
Pascal Groß,Mannheim,Germany,Germany,Germany,False
Jamal Musiala,Stuttgart,Germany  England,Germany,Germany,False
Florian Wirtz,Pulheim,Germany,Germany,Germany,False
Lennart Karl,Frammersbach,Germany,Germany,Germany,False
Jamie Leweling,Nürnberg,Germany  Ghana,Germany,Germany,False
Leroy Sané,Essen,Germany  France,Germany,Germany,False
Nick Woltemade,Bremen,Germany,Germany,Germany,False
Kai Havertz,Aachen,Germany,Germany,Germany,False
Maximilian Beier,Brandenburg an der Havel,Germany,Germany,Germany,False
Deniz Undav,Varel,Germany,Germany,Germany,False
Dayne St. Clair,"Pickering, Ontario",Canada  Trinidad and Tobago,Canada,Canada,False
Maxime Crépeau,"Greenfield Park, Québec",Canada,Canada,Canada,False
Owen Goodman,London,Canada  England,Canada,United Kingdom,True
Derek Cornelius,"Ajax, Ontario",Canada  Jamaica,Canada,Canada,False
Joel Waterman,"Langley, British Columbia",Canada,Canada,Canada,False
Kamal Miller,"Scarborough, Ontario",Canada  Jamaica,Canada,Canada,False
Luc De Fougerolles,London,Canada  England,Canada,United Kingdom,True
Jahkeele Marshall-Rutty,"Brampton, Ontario",Canada  Jamaica,Canada,Canada,False
Richie Laryea,"Toronto, Ontario",Canada  Ghana,Canada,Canada,False
Niko Sigur,"Burnaby, British Columbia",Canada  Croatia,Canada,Canada,False
Ralph Priso,"Toronto, Ontario",Canada  Cameroon,Canada,Canada,False
Ismaël Koné,Abidjan,Canada  Cote d'Ivoire,Canada,Côte d'Ivoire,True
Nathan-Dylan Saliba,"Longueuil, Québec",Canada  Haiti,Canada,Canada,False
Jonathan Osorio,"Toronto, Ontario",Canada  Colombia,Canada,Canada,False
Mathieu Choinière,"Saint-Alexandre, Québec",Canada,Canada,Canada,False
Ali Ahmed,"Toronto, Ontario",Canada  Ethiopia,Canada,Canada,False
Marcelo Flores,"Georgetown, Ontario",Canada  Mexico,Canada,Canada,False
Liam Millar,"Toronto, Ontario",Canada  England,Canada,Canada,False
Junior Hoilett,"Brampton, Ontario",Canada  Jamaica,Canada,Canada,False
Tajon Buchanan,"Brampton, Ontario",Canada  Jamaica,Canada,Canada,False
Jonathan David,"Brooklyn, New York",Canada  United States,Canada,United States,True
Tani Oluwaseyi,Abuja,Canada  Nigeria,Canada,Nigeria,True
Daniel Jebbison,"Oakville, Ontario",Canada  England,Canada,Canada,False
Cyle Larin,"Brampton, Ontario",Canada  Jamaica,Canada,Canada,False
Jacen Russell-Rowe,"Toronto, Ontario",Canada  Jamaica,Canada,Canada,False
Aribim Pepple,Kettering,Canada  England,Canada,United States,True
Mike Maignan,Cayenne,France  French Guiana,France,France,False
Robin Risser,Colmar,France,France,France,False
Brice Samba,Linzolo,France  Congo,France,Congo-Brazzaville,True
William Saliba,Bondy,France  Cameroon,France,France,False
Dayot Upamecano,Évreux,France  Guinea-Bissau,France,France,False
Ibrahima Konaté,Paris,France  Mali,France,France,False
Maxence Lacroix,Villeneuve-Saint-Georges,France  Guadeloupe,France,France,False
Theo Hernández,Marseille,France  Spain,France,France,False
Lucas Hernández,Marseille,France  Spain,France,France,False
Lucas Digne,Meaux,France,France,France,False
Jules Koundé,Paris,France  Benin,France,France,False
Malo Gusto,Décines-Charpieu,France  Martinique,France,France,False
Aurélien Tchouaméni,Rouen,France  Cameroon,France,France,False
N'Golo Kanté,Paris,France  Mali,France,France,False
Warren Zaïre-Emery,Montreuil,France  Martinique,France,France,False
Manu Koné,Colombes,France  Cote d'Ivoire,France,France,False
Adrien Rabiot,Saint-Maurice,France,France,France,False
Rayan Cherki,Lyon,France  Algeria,France,France,False
Bradley Barcola,Lyon,France  Togo,France,France,False
Michael Olise,London,France  England,France,United Kingdom,True
Désiré Doué,Angers,France  Cote d'Ivoire,France,France,False
Maghnes Akliouche,Tremblay-en-France,France  Algeria,France,France,False
Kylian Mbappé,Paris,France  Cameroon,France,France,False
Ousmane Dembélé,Vernon,France,France,France,False
Marcus Thuram,Parma,France  Guadeloupe,France,Italy,True
Jean-Philippe Mateta,Sevran,France  DR Congo,France,France,False
Diogo Costa,Rothrist,Portugal  Switzerland,Portugal,Switzerland,True
Rui Silva,Maia,Portugal,Portugal,Portugal,False
José Sá,Braga,Portugal,Portugal,Portugal,False
Ricardo Velho,Vila Nova de Famalicão,Portugal,Portugal,Portugal,False
Rúben Dias,Amadora,Portugal,Portugal,Portugal,False
Gonçalo Inácio,Almada,Portugal,Portugal,Portugal,False
Tomás Araújo,Famalicão,Portugal,Portugal,Portugal,False
Renato Veiga,Lisboa,Portugal  Cape Verde,Portugal,Portugal,False
Nuno Mendes,Lisboa,Portugal,Portugal,Portugal,False
Matheus Nunes,Rio de Janeiro,Portugal  Brazil,Portugal,Brazil,True
Diogo Dalot,Braga,Portugal,Portugal,Portugal,False
João Cancelo,Barreiro,Portugal,Portugal,Portugal,False
Nélson Semedo,Lisboa,Portugal  Cape Verde,Portugal,Portugal,False
Vitinha,Vila das Aves,Portugal,Portugal,Portugal,False
Rúben Neves,Santa Maria da Feira,Portugal,Portugal,Portugal,False
Samú Costa,Aveiro,Portugal,Portugal,Portugal,False
João Neves,Tavira,Portugal,Portugal,Portugal,False
Bruno Fernandes,Maia,Portugal,Portugal,Portugal,False
Francisco Trincão,Viana do Castelo,Portugal,Portugal,Portugal,False
Bernardo Silva,Lisboa,Portugal,Portugal,Portugal,False
Rafael Leão,Almada,Portugal  Angola,Portugal,Portugal,False
Gonçalo Guedes,Benavente,Portugal,Portugal,Spain,True
Pedro Neto,Viana do Castelo,Portugal,Portugal,Portugal,False
Francisco Conceição,Coimbra,Portugal,Portugal,Portugal,False
João Félix,Viseu,Portugal,Portugal,Portugal,False
Gonçalo Ramos,Olhão,Portugal,Portugal,Portugal,False
Cristiano Ronaldo,Funchal,Portugal,Portugal,Portugal,False
Joan García,Sallent de Llobregat,Spain,Spain,Spain,False
David Raya,Barcelona,Spain,Spain,Spain,False
Unai Simón,Vitoria-Gasteiz,Spain,Spain,Spain,False
Álex Remiro,Cascante,Spain,Spain,Spain,False
Pau Cubarsí,Estanyol,Spain,Spain,Spain,False
Dean Huijsen,Amsterdam,Spain  Netherlands,Spain,Netherlands,True
Cristhian Mosquera,Alicante,Spain  Colombia,Spain,Spain,False
Aymeric Laporte,Agen,Spain  France,Spain,France,True
Marc Cucurella,Alella,Spain,Spain,Spain,False
Alejandro Grimaldo,Valencia,Spain,Spain,Spain,False
Pedro Porro,Don Benito,Spain,Spain,Spain,False
Marcos Llorente,Madrid,Spain,Spain,Spain,False
Martín Zubimendi,Donostia-San Sebastián,Spain,Spain,Spain,False
Rodri,Madrid,Spain,Spain,Spain,False
Pedri,Tegueste,Spain,Spain,Spain,False
Carlos Soler,Valencia,Spain,Spain,Spain,False
Pablo Fornals,Castelló de la Plana,Spain,Spain,Spain,False
Fermín López,El Campillo,Spain,Spain,Spain,False
Dani Olmo,Terrassa,Spain,Spain,Spain,False
Álex Baena,Roquetas de Mar,Spain,Spain,Spain,False
Víctor Muñoz,Barcelona,Spain,Spain,Spain,False
Ander Barrenetxea,Donostia-San Sebastián,Spain,Spain,Spain,False
Lamine Yamal,Esplugues de Llobregat,Spain,Spain,Spain,False
Yéremy Pino,Las Palmas de Gran Canaria,Spain,Spain,Spain,False
Ferran Torres,Foios,Spain,Spain,Spain,False
Mikel Oyarzabal,Eibar,Spain,Spain,Spain,False
Borja Iglesias,Santiago de Compostela,Spain,Spain,Spain,False
Orlando Gill,San Lorenzo,Paraguay,Paraguay,France,True
Gastón Olveira,Montevideo,Paraguay  Uruguay,Paraguay,Uruguay,True
Roberto Fernández,Asunción,Paraguay,Paraguay,Paraguay,False
Omar Alderete,Asunción,Paraguay,Paraguay,Paraguay,False
Gustavo Gómez,Misiones,Paraguay,Paraguay,Argentina,True
José Canale,Itauguá,Paraguay,Paraguay,Paraguay,False
Júnior Alonso,Asunción,Paraguay,Paraguay,Paraguay,False
Fabián Balbuena,Ciudad del Este,Paraguay,Paraguay,Paraguay,False
Gustavo Velázquez,Villa del Rosario,Paraguay,Paraguay,Colombia,True
Alexandro Maidana,Caacupé,Paraguay,Paraguay,Paraguay,False
Juan José Cáceres,Dock Sud,Paraguay  Argentina,Paraguay,Argentina,True
Alan Benítez,Asunción,Paraguay,Paraguay,Paraguay,False
Braian Ojeda,Itauguá,Paraguay,Paraguay,Paraguay,False
Lucas Romero,Choré,Paraguay,Paraguay,Paraguay,False
Diego Gómez,San Juan Bautista,Paraguay,Paraguay,Argentina,True
Damián Bobadilla,Asunción,Paraguay,Paraguay,Paraguay,False
Matías Galarza,Asunción,Paraguay  Bolivia,Paraguay,Paraguay,False
Julio Enciso,Caaguazú,Paraguay,Paraguay,Paraguay,False
Mauricio,São Paulo,Paraguay  Brazil,Paraguay,Brazil,True
Gustavo Caballero,San Lorenzo,Paraguay,Paraguay,France,True
Miguel Almirón,Asunción,Paraguay,Paraguay,Paraguay,False
Ramón Sosa,Maracaná,Paraguay  Argentina,Paraguay,Brazil,True
Álex Arce,Carapeguá,Paraguay,Paraguay,Paraguay,False
Antonio Sanabria,San Lorenzo,Paraguay  Spain,Paraguay,France,True
Gabriel Ávalos,Hohenau,Paraguay,Paraguay,Austria,True
Alexandre Pierre,Aubervilliers,Haiti  France,Haiti,France,True
Johny Placide,Montfermeil,Haiti  France,Haiti,France,True
Josué Duverger,"Montréal, Québec",Haiti  Canada,Haiti,Canada,True
Hannes Delcroix,Petite-Rivière-de-l'Artibonite,Haiti  Belgium,Haiti,Haiti,False
Jean-Kévin Duverne,Paris,Haiti  France,Haiti,France,True
Ricardo Adé,Saint-Marc,Haiti,Haiti,France,True
Keeto Thermoncy,Fribourg,Haiti  Switzerland,Haiti,Switzerland,True
Martin Expérience,Châteaubriant,Haiti  France,Haiti,France,True
Duke Lacroix,"New Egypt, New Jersey",Haiti  United States,Haiti,United States,True
Carlens Arcus,Port-au-Prince,Haiti,Haiti,Haiti,False
Wilguens Paugain,Thomazeau,Haiti  France,Haiti,Haiti,False
Danley Jean Jacques,Petit-Goâve,Haiti,Haiti,Haiti,False
Leverton Pierre,Tabarre,Haiti,Haiti,Haiti,False
Dominique Simon,Pontoise,Haiti  France,Haiti,France,True
Carl Sainté,Grand-Goâve,Haiti,Haiti,Haiti,False
Woodensky Pierre,Cité Soleil,Haiti,Haiti,Haiti,False
Jean-Ricner Bellegarde,Colombes,Haiti  France,Haiti,France,True
Derrick Etienne Jr.,"Richmond, Virginia",Haiti  United States,Haiti,United States,True
Ruben Providence,Lagny-sur-Marne,Haiti  France,Haiti,France,True
Josué Casimir,Baie-Mahault,Haiti  Guadeloupe,Haiti,France,True
Louicius Deedson,Tabarre,Haiti  United States,Haiti,Haiti,False
Wilson Isidor,Rennes,Haiti  France,Haiti,France,True
Lenny Joseph,Paris,Haiti  France,Haiti,France,True
Frantzdy Pierrot,Cap-Haïtien,Haiti  United States,Haiti,Haiti,False
Duckens Nazon,Châtenay-Malabry,Haiti  France,Haiti,France,True
Yassin Fortuné,Aubervilliers,Haiti  France,Haiti,France,True
Matthieu Epolo,Brussel,DR Congo  Belgium,Democratic Republic of Congo,Belgium,True
Timothy Fayulu,Genève,DR Congo  Switzerland,Democratic Republic of Congo,Switzerland,True
Lionel Mpasi-Nzau,Meaux,DR Congo  France,Democratic Republic of Congo,France,True
Axel Tuanzebe,Bunia,DR Congo  England,Democratic Republic of Congo,Democratic Republic of the Congo,True
Chancel Mbemba,Kinshasa,DR Congo,Democratic Republic of Congo,Democratic Republic of the Congo,True
Steve Kapuadi,Le Mans,DR Congo  France,Democratic Republic of Congo,France,True
Dylan Batubinsika,Cergy-Pontoise,DR Congo  France,Democratic Republic of Congo,France,True
Joris Kayembe,Brussel,DR Congo  Belgium,Democratic Republic of Congo,Belgium,True
Arthur Masuaku,Lille,DR Congo  France,Democratic Republic of Congo,France,True
Aaron Wan-Bissaka,London,DR Congo  England,Democratic Republic of Congo,United Kingdom,True
Gédéon Kalulu,Lyon,DR Congo  France,Democratic Republic of Congo,France,True
Ngal'ayel Mukau,Antwerpen,DR Congo  Belgium,Democratic Republic of Congo,Belgium,True
Charles Pickel,Solothurn,DR Congo  Switzerland,Democratic Republic of Congo,Switzerland,True
Noah Sadiki,Brussel,DR Congo  Belgium,Democratic Republic of Congo,Belgium,True
Edo Kayembe,Kananga,DR Congo,Democratic Republic of Congo,Democratic Republic of the Congo,True
Samuel Moutoussamy,Paris,DR Congo  France,Democratic Republic of Congo,France,True
Aaron Tshibola,London,DR Congo  England,Democratic Republic of Congo,United Kingdom,True
Meschack Elia,Kinshasa,DR Congo,Democratic Republic of Congo,Democratic Republic of the Congo,True
Gaël Kakuta,Lille,DR Congo  France,Democratic Republic of Congo,France,True
Nathanaël Mbuku,Villeneuve-Saint-Georges,DR Congo  France,Democratic Republic of Congo,France,True
Brian Cipenga,Kinshasa,DR Congo,Democratic Republic of Congo,Democratic Republic of the Congo,True
Théo Bongonda,Charleroi,DR Congo  Belgium,Democratic Republic of Congo,Belgium,True
Yoane Wissa,Villeneuve-Saint-Georges,DR Congo  France,Democratic Republic of Congo,France,True
Simon Banza,Creil,DR Congo  France,Democratic Republic of Congo,France,True
Fiston Mayele,Mbuji-Mayi,DR Congo,Democratic Republic of Congo,Democratic Republic of the Congo,True
Cédric Bakambu,Ivry-sur-Seine,DR Congo  France,Democratic Republic of Congo,France,True
Sipho Chaine,"Bloemfontein, Free State",South Africa,South Africa,South Africa,False
Ronwen Williams,"Port Elizabeth, Eastern Cape",South Africa,South Africa,South Africa,False
Ricardo Goss,"Durban, KwaZulu-Natal",South Africa,South Africa,South Africa,False
Brandon Petersen,"Cape Town, Western Cape",South Africa,South Africa,South Africa,False
Mbekezeli Mbokazi,"Hluhluwe, KwaZulu-Natal",South Africa,South Africa,South Africa,False
Olwethu Makhanya,"Durban, KwaZulu Natal",South Africa,South Africa,South Africa,False
Ime Okon,Johannesburg,South Africa  Nigeria,South Africa,South Africa,False
Nkosinathi Sibisi,"Durban, KwaZulu-Natal",South Africa,South Africa,South Africa,False
Khulumani Ndamane,"Sahlumbe, KwaZulu-Natal",South Africa,South Africa,,True
Samukele Kabini,,South Africa,South Africa,,True
Aubrey Modiba,"Polokwane, Limpopo",South Africa,South Africa,South Africa,False
Bradley Cross,"Kempton Park, Gauteng",South Africa  England,South Africa,South Africa,False
Khuliso Mudau,"Musina, Limpopo",South Africa,South Africa,South Africa,False
Thabiso Monyane,,South Africa,South Africa,,True
Thabang Matuludi,"Dennilton, Limpopo",South Africa,South Africa,South Africa,False
Thapelo Morena,"Randfontein, Gauteng",South Africa,South Africa,South Africa,False
Kamogelo Sebelebele,,South Africa,South Africa,,True
Teboho Mokoena,"Bethlehem, Free State",South Africa,South Africa,South Africa,False
Brooklyn Poggenpoel,,South Africa,South Africa,,True
Thalente Mbatha,"KwaMashu, KwaZulu-Natal",South Africa,South Africa,South Africa,False
Jayden Adams,"Cape Town, Western Cape",South Africa,South Africa,South Africa,False
Yaya Sithole,"Durban, KwaZulu-Natal",South Africa,South Africa,South Africa,False
Lebohang Maboe,"Ratanda, Gauteng",South Africa,South Africa,South Africa,False
Patrick Maswanganyi,"Tembisa, Gauteng",South Africa,South Africa,South Africa,False
Themba Zwane,"Tembisa, Gauteng",South Africa,South Africa,South Africa,False
Oswin Appollis,"Cape Town, Western Cape",South Africa,South Africa,South Africa,False
Relebohile Mofokeng,"Sharpeville, Gauteng",South Africa,South Africa,South Africa,False
Tshepang Moremi,"Sharpeville,  Gauteng",South Africa,South Africa,South Africa,False
Thapelo Maseko,"Sebokeng, Gauteng",South Africa,South Africa,South Africa,False
Bongokuhle Hlongwane,Nxamalala,South Africa,South Africa,South Africa,False
Lyle Foster,"Soweto, Gauteng",South Africa,South Africa,South Africa,False
Iqraam Rayners,"Cape Town, Western Cape",South Africa,South Africa,South Africa,False
Evidence Makgopa,"GaMampa, Limpopo",South Africa,South Africa,,True
Alexander Schlager,Salzburg,Austria,Austria,Austria,False
Florian Wiegele,Graz,Austria,Austria,Austria,False
Patrick Pentz,Salzburg,Austria,Austria,Austria,False
Kevin Danso,Voitsberg,Austria,Austria,Austria,False
Philipp Lienhart,Lilienfeld,Austria,Austria,Austria,False
Marco Friedl,Kirchbichl,Austria,Austria,Austria,False
David Affengruber,Scheibbs,Austria,Austria,Austria,False
Stefan Posch,Judenburg,Austria,Austria,Austria,False
David Alaba,Wien,Austria,Austria,Austria,False
Michael Svoboda,Wien,Austria,Austria,Austria,False
Phillipp Mwene,Wien,Austria  Kenya,Austria,Austria,False
Konrad Laimer,Salzburg,Austria,Austria,Austria,False
Nicolas Seiwald,Kuchl,Austria,Austria,Austria,False
Florian Grillitsch,Neunkirchen,Austria,Austria,France,True
Carney Chukwuemeka,Wien,Austria  England,Austria,Austria,False
Xaver Schlager,Linz,Austria,Austria,Austria,False
Marcel Sabitzer,Wels,Austria,Austria,United Kingdom,True
Alessandro Schöpf,Umhausen,Austria,Austria,Austria,False
Alexander Prass,Hellmonsödt,Austria,Austria,Austria,False
Christoph Baumgartner,Horn,Austria,Austria,Netherlands,True
Paul Wanner,Dornbirn,Austria  Germany,Austria,Austria,False
Romano Schmid,Graz,Austria,Austria,Austria,False
Patrick Wimmer,Tulln,Austria,Austria,Austria,False
Marko Arnautovic,Wien,Austria  Serbia,Austria,Austria,False
Sasa Kalajdzic,Wien,Austria,Austria,Austria,False
Michael Gregoritsch,Graz,Austria,Austria,Austria,False
Alisson,Novo Hamburgo,Brazil,Brazil,Brazil,False
Ederson,Osasco,Brazil  Portugal,Brazil,Italy,True
Weverton,Rio Branco,Brazil,Brazil,Brazil,False
Gabriel,São Paulo,Brazil,Brazil,Brazil,False
Bremer,Itapitanga,Brazil,Brazil,Brazil,False
Marquinhos,São Paulo,Brazil  Portugal,Brazil,Brazil,False
Roger Ibañez,Canela,Brazil  Italy,Brazil,Brazil,False
Léo Pereira,Curitiba,Brazil,Brazil,Brazil,False
Danilo,Bicas,Brazil,Brazil,Brazil,False
Douglas Santos,João Pessoa,Brazil  Russia,Brazil,Brazil,False
Alex Sandro,Catanduva,Brazil,Brazil,Brazil,False
Wesley,Açailândia,Brazil,Brazil,Brazil,False
Fabinho,Campinas,Brazil,Brazil,Brazil,False
Casemiro,São José dos Campos,Brazil  Spain,Brazil,Brazil,False
Bruno Guimarães,Rio de Janeiro,Brazil  Spain,Brazil,Brazil,False
Danilo,Salvador,Brazil,Brazil,Brazil,False
Lucas Paquetá,Rio de Janeiro,Brazil  Portugal,Brazil,Brazil,False
Neymar,Mogi das Cruzes,Brazil  Italy,Brazil,Brazil,False
Vinicius Junior,São Gonçalo,Brazil  Spain,Brazil,Brazil,False
Raphinha,Porto Alegre,Brazil  Italy,Brazil,Região Geográfica Intermediária de Porto Alegre,True
Gabriel Martinelli,Guarulhos,Brazil  Italy,Brazil,Brazil,False
Rayan,Rio de Janeiro,Brazil,Brazil,Brazil,False
Luiz Henrique,Petrópolis,Brazil,Brazil,Russia,True
Matheus Cunha,João Pessoa,Brazil,Brazil,Brazil,False
Igor Thiago,Gama,Brazil  Bulgaria,Brazil,Colombia,True
Endrick,Taguatinga,Brazil,Brazil,Brazil,False
Viktor Johansson,Stockholm,Sweden,Sweden,Sweden,False
Jacob Widell Zetterström,Stockholm,Sweden,Sweden,Sweden,False
Kristoffer Nordfeldt,Stockholm,Sweden,Sweden,Sweden,False
Isak Hien,Kista,Sweden  Ghana,Sweden,Slovakia,True
Victor Lindelöf,Västerås,Sweden,Sweden,Sweden,False
Hjalmar Ekdal,Stockholm,Sweden,Sweden,Sweden,False
Gustaf Lagerbielke,Stockholm,Sweden,Sweden,Sweden,False
Carl Starfelt,Stockholm,Sweden,Sweden,Sweden,False
Eric Smith,Halmstad,Sweden,Sweden,Sweden,False
Daniel Svensson,Stockholm,Sweden,Sweden,Sweden,False
Gabriel Gudmundsson,Malmö,Sweden,Sweden,Sweden,False
Ken Sema,Norrköping,Sweden  DR Congo,Sweden,Sweden,False
Emil Holm,Göteborg,Sweden,Sweden,Sweden,False
Jesper Karlström,Stockholm,Sweden,Sweden,Sweden,False
Lucas Bergvall,Stockholm,Sweden,Sweden,Sweden,False
Yasin Ayari,Solna,Sweden  Tunisia,Sweden,Slovakia,True
Mattias Svanberg,Malmö,Sweden,Sweden,Sweden,False
Besfort Zeneli,Säter,Sweden  Kosovo,Sweden,Sweden,False
Elliot Stroud,Uddevalla,Sweden  England,Sweden,Sweden,False
Taha Ali,Spånga,Sweden  Somalia,Sweden,Sweden,False
Anthony Elanga,Hyllie,Sweden  Cameroon,Sweden,Sweden,False
Benjamin Nygren,Göteborg,Sweden,Sweden,Sweden,False
Alexander Bernhardsson,Göteborg,Sweden,Sweden,Sweden,False
Alexander Isak,Solna,Sweden  Eritrea,Sweden,Slovakia,True
Viktor Gyökeres,Stockholm,Sweden  Hungary,Sweden,Sweden,False
Gustaf Nilsson,Falkenberg,Sweden,Sweden,France,True
Senne Lammens,Zottegem,Belgium,Belgium,Belgium,False
Mike Penders,Maasmechelen,Belgium,Belgium,Belgium,False
Thibaut Courtois,Bree,Belgium,Belgium,Belgium,False
Zeno Debast,Halle,Belgium,Belgium,Germany,True
Koni De Winter,Antwerpen,Belgium  DR Congo,Belgium,Belgium,False
Arthur Theate,Liège,Belgium,Belgium,Belgium,False
Nathan Ngoy,Brussel,Belgium  DR Congo,Belgium,Belgium,False
Brandon Mechele,Bredene,Belgium,Belgium,Belgium,False
Maxim De Cuyper,Knokke-Heist,Belgium,Belgium,Belgium,False
Joaquin Seys,Oostende,Belgium,Belgium,Belgium,False
Timothy Castagne,Arlon,Belgium,Belgium,Belgium,False
Thomas Meunier,Bastogne,Belgium,Belgium,Belgium,False
Amadou Onana,Dakar,Belgium  Senegal,Belgium,Senegal,True
Nicolas Raskin,Liège,Belgium,Belgium,Belgium,False
Axel Witsel,Liège,Belgium  Martinique,Belgium,Belgium,False
Youri Tielemans,Sint-Pieters-Leeuw,Belgium  DR Congo,Belgium,Belgium,False
Alexis Saelemaekers,Berchem-Sainte-Agathe,Belgium,Belgium,Belgium,False
Diego Moreira,Liège,Belgium  Portugal,Belgium,Belgium,False
Charles De Ketelaere,Brugge,Belgium,Belgium,Belgium,False
Kevin De Bruyne,Drongen,Belgium  Burundi,Belgium,Belgium,False
Hans Vanaken,Neerpelt,Belgium,Belgium,Belgium,False
Jérémy Doku,Borgerhout,Belgium  Ghana,Belgium,Belgium,False
Leandro Trossard,Waterschei,Belgium,Belgium,Belgium,False
Dodi Lukébakio,Brussels,Belgium  DR Congo,Belgium,Belgium,False
Matias Fernandez-Pardo,Brussel,Belgium  Spain,Belgium,Belgium,False
Romelu Lukaku,Antwerpen,Belgium  DR Congo,Belgium,Belgium,False
Lukas Hornicek,Vysoké Mýto,Czech Republic,Czechia,Czechia,False
Matej Kovar,Uherské Hradiště,Czech Republic,Czechia,Czechia,False
Jindrich Stanek,Strakonice,Czech Republic,Czechia,Czechia,False
Ladislav Krejčí,Rosice,Czech Republic,Czechia,Czechia,False
Robin Hranac,Plzeň,Czech Republic,Czechia,Czechia,False
Stepan Chaloupek,Meziboří,Czech Republic,Czechia,Czechia,False
David Zima,Olomouc,Czech Republic,Czechia,Czechia,False
Tomas Holes,Hradec Králové,Czech Republic,Czechia,Czechia,False
Jaroslav Zelený,Hradec Králové,Czech Republic,Czechia,Czechia,False
David Jurásek,Dolní Němčí,Czech Republic,Czechia,Czechia,False
Vladimír Coufal,Ostrava,Czech Republic,Czechia,Czechia,False
Tomáš Souček,Havlíčkův Brod,Czech Republic,Czechia,Czechia,False
Michal Sadílek,Uherské Hradiště,Czech Republic,Czechia,Czechia,False
Lukas Cerv,Praha,Czech Republic,Czechia,Czechia,False
Pavel Bucha,Mělník,Czech Republic,Czechia,Czechia,False
Hugo Sochurek,Tábor,Czech Republic,Czechia,Czechia,False
Alexandr Sojka,,Czech Republic,Czechia,,True
Vladimír Darida,Plzeň,Czech Republic,Czechia,Czechia,False
David Doudera,Brandýs nad Labem-Stará Boleslav,Czech Republic,Czechia,Czechia,False
Pavel Sulc,Karlovy Vary,Czech Republic,Czechia,Czechia,False
Denis Visinsky,,Czech Republic,Czechia,,True
Tomas Ladra,Česká Lípa,Czech Republic,Czechia,Czechia,False
Lukas Provod,Plzeň,Czech Republic,Czechia,Czechia,False
Patrik Schick,Praha,Czech Republic,Czechia,Czechia,False
Adam Hlozek,Ivančice,Czech Republic,Czechia,Czechia,False
Mojmír Chytil,Skalka,Czech Republic,Czechia,Czechia,False
Tomas Chory,Olomouc,Czech Republic,Czechia,Czechia,False
Jan Kuchta,Liberec,Czech Republic,Czechia,Czechia,False
Christophe Kabongo,Praha,Czech Republic  DR Congo,Czechia,Czechia,False
Dean Henderson,Whitehaven,England,England,United Kingdom,True
James Trafford,Greysouthen,England,England,United Kingdom,True
Jordan Pickford,Washington,England,England,United States,True
Marc Guéhi,Abidjan,England  Cote d'Ivoire,England,Côte d'Ivoire,True
Jarell Quansah,Warrington,England  Scotland,England,United Kingdom,True
Ezri Konsa,London,England  DR Congo,England,United Kingdom,True
John Stones,Barnsley,England,England,United Kingdom,True
Dan Burn,Blyth,England,England,United Kingdom,True
Nico O'Reilly,Manchester,England  Jamaica,England,United Kingdom,True
Djed Spence,London,England  Jamaica,England,United Kingdom,True
Reece James,London,England,England,United Kingdom,True
Tino Livramento,London,England  Scotland,England,United Kingdom,True
Jordan Henderson,Sunderland,England,England,United Kingdom,True
Declan Rice,London,England  Ireland,England,United Kingdom,True
Elliot Anderson,Whitley Bay,England  Scotland,England,United Kingdom,True
Kobbie Mainoo,Stockport,England  Ghana,England,United Kingdom,True
Jude Bellingham,Stourbridge,England  Ireland,England,United Kingdom,True
Morgan Rogers,Halesowen,England,England,United Kingdom,True
Eberechi Eze,London,England  Nigeria,England,United Kingdom,True
Anthony Gordon,Liverpool,England,England,United Kingdom,True
Marcus Rashford,Manchester,England  St. Kitts & Nevis,England,United Kingdom,True
Bukayo Saka,London,England  Nigeria,England,United Kingdom,True
Noni Madueke,London,England  Nigeria,England,United Kingdom,True
Harry Kane,London,England  Ireland,England,United Kingdom,True
Ollie Watkins,Torquay,England,England,United Kingdom,True
Ivan Toney,Northampton,England  Jamaica,England,United Kingdom,True
Mathew Ryan,Plumpton,Australia  Scotland,Australia,United Kingdom,True
Patrick Beach,Sydney,Australia,Australia,Australia,False
Paul Izzo,Adelaide,Australia  Italy,Australia,Australia,False
Alessandro Circati,Fidenza,Australia  Italy,Australia,Italy,True
Cameron Burgess,Aberdeen,Australia  Scotland,Australia,United Kingdom,True
Lucas Herrington,Brisbane,Australia,Australia,Australia,False
Kye Rowles,Kiama,Australia,Australia,Australia,False
Milos Degenek,Knin,Australia  Serbia,Australia,Croatia,True
Jordan Bos,Melbourne,Australia  Netherlands,Australia,Australia,False
Aziz Behich,Melbourne,Australia  Türkiye,Australia,Australia,False
Jacob Italiano,Perth,Australia,Australia,Australia,False
Jason Geria,Canberra,Australia  Uganda,Australia,Australia,False
Aiden O'Neill,Brisbane,Australia  Northern Ireland,Australia,Australia,False
Kai Trewin,Batemans Bay,Australia,Australia,Australia,False
Paul Okon-Engstler,Gent,Australia  Italy,Australia,Belgium,True
Patrick Yazbek,Liverpool,Australia,Australia,United Kingdom,True
Riley McGree,Gawler,Australia,Australia,Australia,False
Connor Metcalfe,,,Australia,,True
Alex Robertson,Dundee,Australia  Peru,Australia,United Kingdom,True
Ajdin Hrustic,Melbourne,Australia  Bosnia-Herzegovina,Australia,Australia,False
Nishan Velupillay,Melbourne,Australia  Sri Lanka,Australia,Australia,False
Awer Mabil,Kakuma,Australia  Southern Sudan,Australia,Nigeria,True
Nestory Irankunda,Kigoma,Australia  Tanzania,Australia,Tanzania,True
Ante Suto,Imotski,Australia  Croatia,Australia,Croatia,True
Deni Jurić,Kogarah,Australia  Croatia,Australia,Australia,False
Martin Boyle,Aberdeen,Australia  Scotland,Australia,United Kingdom,True
Yehvann Diouf,Montreuil-sous-Bois,Senegal  France,Senegal,France,True
Edouard Mendy,Montivilliers,Senegal  Guinea-Bissau,Senegal,France,True
Mory Diaw,Poissy,Senegal  France,Senegal,France,True
Mamadou Sarr,Martigues,Senegal  France,Senegal,France,True
Moussa Niakhaté,Roubaix,Senegal  France,Senegal,France,True
Moustapha Mbow,Dakar,Senegal,Senegal,Senegal,False
Antoine Mendy,Marseille,Senegal  France,Senegal,France,True
Kalidou Koulibaly,Saint-Dié-des-Vosges,Senegal  France,Senegal,France,True
Abdoulaye Seck,Mbour,Senegal,Senegal,Senegal,False
El Hadji Malick Diouf,Ziguinchor,Senegal,Senegal,Senegal,False
Ismail Jakobs,Köln,Senegal  Germany,Senegal,Germany,True
Ilay Camara,Bonheiden,Senegal  Belgium,Senegal,Belgium,True
Idrissa Gueye,Dakar,Senegal,Senegal,Senegal,False
Pape Gueye,Montreuil,Senegal  France,Senegal,France,True
Lamine Camara,Diouloulou,Senegal,Senegal,Senegal,False
Pape Matar Sarr,Thiaroye,Senegal,Senegal,Senegal,False
Habib Diarra,Guédiawaye,Senegal  France,Senegal,Senegal,False
Pathé Ciss,Dakar,Senegal,Senegal,Senegal,False
Bara Sapoko Ndiaye,Mékhé,Senegal,Senegal,Senegal,False
Krépin Diatta,Dakar,Senegal,Senegal,Senegal,False
Assane Diao,Ndongane,Senegal  Spain,Senegal,,True
Sadio Mané,"Bambali, Sédhiou",Senegal,Senegal,Senegal,False
Iliman Ndiaye,Rouen,Senegal  France,Senegal,France,True
Ismaïla Sarr,Saint-Louis,Senegal,Senegal,United States,True
Ibrahim Mbaye,Trappes,Senegal  France,Senegal,France,True
Nicolas Jackson,Banjul,Senegal  The Gambia,Senegal,The Gambia,True
Bamba Dieng,Pikine,Senegal,Senegal,Senegal,False
Cherif Ndiaye,Dakar,Senegal,Senegal,Senegal,False
Gregor Kobel,Zürich,Switzerland,Switzerland,Switzerland,False
Marvin Keller,London,Switzerland,Switzerland,United Kingdom,True
Yvon Mvogo,Yaoundé,Switzerland  Cameroon,Switzerland,Cameroon,True
Manuel Akanji,Wiesendangen,Switzerland  Nigeria,Switzerland,Switzerland,False
Luca Jaquez,Luzern,Switzerland  Dominican Republic,Switzerland,Switzerland,False
Nico Elvedi,Zürich,Switzerland,Switzerland,Switzerland,False
Aurèle Amenda,Biel/Bienne,Switzerland  Cameroon,Switzerland,Switzerland,False
Eray Cömert,Rheinfelden,Switzerland  Türkiye,Switzerland,Switzerland,False
Miro Muheim,Zürich,Switzerland,Switzerland,Switzerland,False
Ricardo Rodríguez,Zürich,Switzerland  Chile,Switzerland,Switzerland,False
Silvan Widmer,Aarau,Switzerland,Switzerland,Switzerland,False
Ardon Jashari,Cham,Switzerland  North Macedonia,Switzerland,France,True
Denis Zakaria,Genf,Switzerland  DR Congo,Switzerland,Switzerland,False
Granit Xhaka,Basel,Switzerland,Switzerland,Switzerland,False
Johan Manzambi,Genève,Switzerland,Switzerland,Switzerland,False
Djibril Sow,Zürich,Switzerland  Senegal,Switzerland,Switzerland,False
Michel Aebischer,Fribourg,Switzerland,Switzerland,Switzerland,False
Remo Freuler,Ennenda,Switzerland,Switzerland,Switzerland,False
Fabian Rieder,Bern,Switzerland,Switzerland,Switzerland,False
Christian Fassnacht,Zürich,Switzerland,Switzerland,Switzerland,False
Noah Okafor,Binningen,Switzerland  Nigeria,Switzerland,France,True
Rubén Vargas,Adligenswil,Switzerland  Dominican Republic,Switzerland,Switzerland,False
Dan Ndoye,Nyon,Switzerland  Senegal,Switzerland,Switzerland,False
Breel Embolo,Yaoundé,Switzerland  Cameroon,Switzerland,Cameroon,True
Zeki Amdouni,Genève,Switzerland  Tunisia,Switzerland,Switzerland,False
Cedric Itten,Basel,Switzerland,Switzerland,Switzerland,False
Orlando Mosquera,San Miguelito,Panama,Panama,Panama,False
César Samudio,Ciudad de Panamá,Panama,Panama,Panama,False
Luis Mejía,Panama City,Panama  Uruguay,Panama,Panama,False
José Córdoba,Ciudad de Panamá,Panama,Panama,Panama,False
Andrés Andrade,Ciudad de Panamá,Panama,Panama,Panama,False
Jiovany Ramos,Panama City,Panama,Panama,Panama,False
Roderick Miller,Panama City,Panama,Panama,Panama,False
Martín Krug,"Chicago, Illinois",Panama  United States,Panama,United States,True
Jorge Gutiérrez,Ciudad de Panamá,Panama,Panama,Panama,False
Éric Davis,Colón,Panama,Panama,Panama,False
Amir Murillo,Salamanca,Panama,Panama,Spain,True
César Blackman,Ciudad de Panamá,Panama,Panama,Panama,False
Cristian Martínez,Ciudad de Panamá,Panama  United States,Panama,Panama,False
Carlos Harvey,Ciudad de Panamá,Panama  United States,Panama,Panama,False
Aníbal Godoy,Ciudad de Panamá,Panama  United States,Panama,Panama,False
Adalberto Carrasquilla,Ciudad de Panamá,Panama,Panama,Panama,False
José Luis Rodríguez,Chorrillo,Panama,Panama,Colombia,True
Ismael Díaz,Panama City,Panama,Panama,Panama,False
Yoel Bárcenas,Colón,Panama,Panama,Panama,False
César Yanis,Ciudad de Panamá,Panama,Panama,Panama,False
Kadir Barría,Ciudad de Panamá,Panama,Panama,Panama,False
José Fajardo,Colón,Panama,Panama,Panama,False
Cecilio Waterman,Ciudad de Panamá,Panama,Panama,Panama,False
Gonzalo Valle,Riobamba,Ecuador,Ecuador,Ecuador,False
Moisés Ramírez,Guayaquil,Ecuador,Ecuador,Ecuador,False
David Cabezas,Santo Domingo,Ecuador,Ecuador,Dominican Republic,True
Hernán Galíndez,Rosario,Ecuador  Argentina,Ecuador,Argentina,True
Willian Pacho,Quinindé,Ecuador,Ecuador,Ecuador,False
Piero Hincapié,Esmeraldas,Ecuador,Ecuador,Brazil,True
Joel Ordóñez,Guayaquil,Ecuador,Ecuador,Ecuador,False
Léo Realpe,Quinindé,Ecuador,Ecuador,Ecuador,False
Jackson Porozo,San Lorenzo,Ecuador,Ecuador,France,True
Félix Torres,San Lorenzo,Ecuador,Ecuador,France,True
Pervis Estupiñán,Esmeraldas,Ecuador  Spain,Ecuador,Brazil,True
Yaimar Medina,Eloy Alfaro,Ecuador,Ecuador,Ecuador,False
Angelo Preciado,Shushufindi,Ecuador,Ecuador,Ecuador,False
José Andrés Hurtado,Santo Domingo,Ecuador,Ecuador,Dominican Republic,True
Moisés Caicedo,Santo Domingo,Ecuador,Ecuador,Dominican Republic,True
Jordy Alcívar,Manta,Ecuador,Ecuador,Italy,True
Denil Castillo,Eloy Alfaro,Ecuador,Ecuador,Ecuador,False
Alan Franco,Alfredo Baquerizo Moreno,Ecuador,Ecuador,Ecuador,False
Kendry Páez,Guayaquil,Ecuador,Ecuador,Ecuador,False
Pedro Vite,Babahoyo,Ecuador,Ecuador,Ecuador,False
John Mercado,Guayaquil,Ecuador,Ecuador,Ecuador,False
Gonzalo Plata,Guayaquil,Ecuador,Ecuador,Ecuador,False
Alan Minda,Esmeraldas,Ecuador,Ecuador,Brazil,True
Bryan Ramírez,Esmeraldas,Ecuador,Ecuador,Brazil,True
Elías Legendre Quiñónez,La Concordia,Ecuador  France,Ecuador,Mexico,True
Janner Corozo,Guayaquil,Ecuador,Ecuador,Ecuador,False
Anthony Valencia,Guayaquil,Ecuador,Ecuador,Ecuador,False
John Yeboah,Hamburg,Ecuador  Germany,Ecuador,Germany,True
Jeremy Arévalo,Maliaño,Ecuador  Spain,Ecuador,Spain,True
Kevin Rodríguez,Ibarra,Ecuador,Ecuador,Spain,True
Jordy Caicedo,Machala,Ecuador,Ecuador,Ecuador,False
Enner Valencia,San Lorenzo,Ecuador,Ecuador,France,True
Bum-keun Song,"Seongnam, Gyeonggi","Korea, South",South Korea,South Korea,False
Hyeon-woo Jo,Seoul,"Korea, South",South Korea,South Korea,False
Seung-gyu Kim,"Dong-gu, Ulsan","Korea, South",South Korea,South Korea,False
Min-jae Kim,"Tongyeong, Gyeongnam","Korea, South",South Korea,South Korea,False
Yu-min Cho,"Dalseo-gu, Daegu","Korea, South",South Korea,South Korea,False
Han-beom Lee,Daegu,"Korea, South",South Korea,South Korea,False
Gi-hyuk Lee,Seoul,"Korea, South",South Korea,South Korea,False
Tae-hyeon Kim,"Gimpo, Gyeonggi","Korea, South",South Korea,South Korea,False
Tae-seok Lee,Seoul,"Korea, South",South Korea,South Korea,False
Young-woo Seol,"Ulju, Ulsan","Korea, South",South Korea,South Korea,False
Moon-hwan Kim,"Hwaseong, Gyeonggi","Korea, South",South Korea,South Korea,False
In-beom Hwang,Daejeon,"Korea, South",South Korea,South Korea,False
Jin-seob Park,"Jeonju, Jeollabuk","Korea, South",South Korea,South Korea,False
Jens Castrop,Düsseldorf,"Korea, South  Germany",South Korea,Germany,True
Seung-ho Paik,Seoul,"Korea, South",South Korea,South Korea,False
Jin-gyu Kim,"Pohang, Gyeongbuk","Korea, South",South Korea,South Korea,False
Kang-in Lee,"Namdong-gu, Incheon","Korea, South",South Korea,South Korea,False
Jun-ho Bae,Daegu,"Korea, South",South Korea,South Korea,False
Jae-sung Lee,Ulsan,"Korea, South",South Korea,South Korea,False
Dong-gyeong Lee,Daegu,"Korea, South",South Korea,South Korea,False
Heung-min Son,"Chuncheon, Gangwon","Korea, South",South Korea,South Korea,False
Ji-sung Eom,"Gimje, Jeonbuk","Korea, South",South Korea,South Korea,False
Hyun-jun Yang,"Yeongdo-gu, Busan","Korea, South",South Korea,South Korea,False
Hyeon-gyu Oh,"Namyangju, Gyeonggi","Korea, South",South Korea,South Korea,False
Hee-chan Hwang,"Chuncheon, Gangwon","Korea, South",South Korea,South Korea,False
Gue-sung Cho,"Ansan, Gyeonggi","Korea, South",South Korea,South Korea,False
Angus Gunn,Norwich,Scotland  England,Scotland,United Kingdom,True
Liam Kelly,Glasgow,Scotland,Scotland,United Kingdom,True
Craig Gordon,Edinburgh,Scotland,Scotland,United Kingdom,True
Scott McKenna,Kirriemuir,Scotland,Scotland,United Kingdom,True
Dominic Hyam,Leuchars,Scotland  England,Scotland,United Kingdom,True
Jack Hendry,Glasgow,Scotland,Scotland,United Kingdom,True
John Souttar,Aberdeen,Scotland  Australia,Scotland,United Kingdom,True
Grant Hanley,Dumfries,Scotland,Scotland,United Kingdom,True
Andrew Robertson,Glasgow,Scotland,Scotland,United Kingdom,True
Kieran Tierney,Douglas,Scotland  Isle of Man,Scotland,United States,True
Aaron Hickey,Glasgow,Scotland,Scotland,United Kingdom,True
Nathan Patterson,Glasgow,Scotland,Scotland,United Kingdom,True
Anthony Ralston,Glasgow,Scotland,Scotland,United Kingdom,True
Billy Gilmour,Irvine,Scotland,Scotland,United States,True
Scott McTominay,Lancaster,Scotland  England,Scotland,United States,True
Lewis Ferguson,Hamilton,Scotland,Scotland,Canada,True
John McGinn,Glasgow,Scotland,Scotland,United Kingdom,True
Ryan Christie,Inverness,Scotland,Scotland,United Kingdom,True
Kenny McLean,Rutherglen,Scotland,Scotland,United Kingdom,True
Findlay Curtis,Balfron,Scotland,Scotland,United Kingdom,True
Ben Gannon-Doak,Dalry,Scotland,Scotland,United Kingdom,True
Ché Adams,Leicester,Scotland  England,Scotland,United Kingdom,True
George Hirst,Sheffield,Scotland  England,Scotland,United Kingdom,True
Lawrence Shankland,Glasgow,Scotland,Scotland,United Kingdom,True
Ross Stewart,Irvine,Scotland,Scotland,United States,True
Lyndon Dykes,Gold Coast,Scotland  Australia,Scotland,Australia,True
Nawaf Al-Aqidi,Riyadh,Saudi Arabia,Saudi Arabia,Saudi Arabia,False
Mohammed Al-Yami,Najran,Saudi Arabia,Saudi Arabia,Saudi Arabia,False
Ahmed Al-Kassar,Qatif,Saudi Arabia,Saudi Arabia,Saudi Arabia,False
Abdulelah Al-Amri,Ta'if,Saudi Arabia,Saudi Arabia,Saudi Arabia,False
Rayan Hamed,Jeddah,Saudi Arabia,Saudi Arabia,Saudi Arabia,False
Ayman Yahya,Riyadh,Saudi Arabia,Saudi Arabia,Saudi Arabia,False
Muteb Al-Mufarrij,Riyadh,Saudi Arabia,Saudi Arabia,Saudi Arabia,False
Hassan Kadesh,Dammam,Saudi Arabia,Saudi Arabia,Saudi Arabia,False
Saud Abdulhamid,Jeddah,Saudi Arabia,Saudi Arabia,Saudi Arabia,False
Ali Majrashi,Al-Hamimah,Saudi Arabia,Saudi Arabia,Yemen,True
Ziyad Al-Johani,Jeddah,Saudi Arabia,Saudi Arabia,Saudi Arabia,False
Musab Al-Juwayr,Riyadh,Saudi Arabia,Saudi Arabia,Saudi Arabia,False
Murad Al-Hawsawi,,Saudi Arabia,Saudi Arabia,,True
Mohamed Kanno,Khobar,Saudi Arabia,Saudi Arabia,Saudi Arabia,False
Naif Masoud,Khobar,Saudi Arabia,Saudi Arabia,Saudi Arabia,False
Salman Al-Faraj,Medina,Saudi Arabia,Saudi Arabia,Saudi Arabia,False
Marwan Al-Sahafi,Jeddah,Saudi Arabia,Saudi Arabia,Saudi Arabia,False
Khalid Al-Ghannam,Khobar,Saudi Arabia,Saudi Arabia,Saudi Arabia,False
Turki Al-Ammar,Riyadh,Saudi Arabia,Saudi Arabia,Saudi Arabia,False
Sultan Mandash,Jeddah,Saudi Arabia,Saudi Arabia,Saudi Arabia,False
Firas Al-Buraikan,Riyadh,Saudi Arabia,Saudi Arabia,Saudi Arabia,False
Saleh Al-Shehri,Wadi Addawasir,Saudi Arabia,Saudi Arabia,,True
Abdullah Al-Hamdan,Riyadh,Saudi Arabia  Morocco,Saudi Arabia,Saudi Arabia,False
Payam Niazmand,Tehran,Iran,Iran,Iran,False
Mohammad Khalifeh,"Marvdasht, Fars",Iran,Iran,Iran,False
Alireza Beiranvand,"Khorramabad, Lorestan",Iran,Iran,Iran,False
Seyed Hossein Hosseini,"Shiraz, Fars",Iran,Iran,Iran,False
Hossein Kanaani,"Mahshahr, Khuzestan",Iran,Iran,Iran,False
Danial Eiri,"Gonbad-e Kavus, Golestan",Iran,Iran,Iran,False
Ali Nemati,"Nishabur, Razavi Khorasan",Iran,Iran,,True
Shoja Khalilzadeh,"Bahnemir, Mazandaran",Iran,Iran,Iran,False
Milad Mohammadi,Tehran,Iran,Iran,Iran,False
Ehsan Hajsafi,"Kashan, Isfahan",Iran,Iran,Iran,False
Arya Yousefi,"Mahshahr, Khuzestan",Iran,Iran,Iran,False
Saleh Hardani,"Bahmaei, Khuzestan",Iran,Iran,,True
Ramin Rezaeian,"Sari, Mazandaran",Iran,Iran,Iran,False
Saeed Ezatolahi,"Bandar Anzali, Gilan",Iran,Iran,Iran,False
Mohammad Ghorbani,"Arak, Markazi",Iran,Iran,Iran,False
Roozbeh Cheshmi,Tehran,Iran,Iran,Iran,False
Amirmohammad Razzaghinia,Yazd,Iran,Iran,Iran,False
Omid Noorafkan,"Shahr-e Rey, Tehran",Iran,Iran,Iran,False
Saman Ghoddos,Malmö,Iran  Sweden,Iran,Sweden,True
Hadi Habibinejad,"Baghmalek, Khuzestan",Iran,Iran,Iran,False
Mehdi Ghayedi,Bushehr,Iran,Iran,Iran,False
Mohammad Mohebi,Bushehr,Iran,Iran,Iran,False
Mehdi Torabi,"Karaj, Alborz",Iran,Iran,Iran,False
Amirhossein Mahmoudi,Tehran,Iran,Iran,Iran,False
Alireza Jahanbakhsh,"Jirandeh, Gilan",Iran  Netherlands,Iran,Iran,False
Mehdi Taremi,Bushehr,Iran,Iran,Iran,False
Amirhossein Hosseinzadeh,Tehran,Iran,Iran,Iran,False
Dennis Eckert Ayensa,Bonn,Iran  Germany,Iran,Germany,True
Ali Alipour,"Qaemshahr, Mazandaran",Iran,Iran,Iran,False
Shahriar Moghanlou,"Shahr-e Rey, Tehran",Iran,Iran,Iran,False
Kasra Taheri,"Yasuj, Kohgiluyeh and Boyer-Ahmad",Iran,Iran,Iran,False
Emiliano Martínez,Mar del Plata,Argentina  Spain,Argentina,Argentina,False
Gerónimo Rulli,La Plata,Argentina  Italy,Argentina,Argentina,False
Juan Musso,San Nicolás de los Arroyos,Argentina  Italy,Argentina,Argentina,False
Cristian Romero,Córdoba,Argentina,Argentina,Spain,True
Marcos Senesi,Concordia,Argentina  Italy,Argentina,United States,True
Tomás Palacios,General Pico,Argentina,Argentina,Argentina,False
Lucas Martínez Quarta,Mar del Plata,Argentina  Italy,Argentina,Argentina,False
Nicolás Otamendi,El Talar,Argentina,Argentina,Argentina,False
Nicolás Tagliafico,Rafael Calzada,Argentina  Italy,Argentina,Argentina,False
Gabriel Rojas,Rafael Calzada,Argentina,Argentina,Argentina,False
Marcos Acuña,Zapala,Argentina,Argentina,Argentina,False
Nahuel Molina,Embalse,Argentina,Argentina,Argentina,False
Agustín Giay,San Carlos Centro,Argentina,Argentina,Argentina,False
Máximo Perrone,Haedo,Argentina  Spain,Argentina,Argentina,False
Leandro Paredes,San Justo,Argentina,Argentina,Spain,True
Enzo Fernández,San Martín,Argentina,Argentina,Netherlands,True
Alexis Mac Allister,Santa Rosa,Argentina  Italy,Argentina,United States,True
Valentín Barco,25 de Mayo,Argentina,Argentina,Argentina,False
Exequiel Palacios,Famaillá,Argentina,Argentina,Argentina,False
Rodrigo De Paul,Sarandí,Argentina  Italy,Argentina,Argentina,False
Nico Paz,Santa Cruz de Tenerife,Argentina  Spain,Argentina,Spain,True
Nico González,Belén de Escobar,Argentina  Italy,Argentina,Argentina,False
Thiago Almada,Ciudadela,Argentina  Italy,Argentina,Spain,True
Franco Mastantuono,Azul,Argentina  Italy,Argentina,Argentina,False
Giuliano Simeone,Roma,Argentina  Italy,Argentina,Italy,True
Lionel Messi,Rosario,Argentina  Spain,Argentina,Argentina,False
Gianluca Prestianni,Ciudadela,Argentina  Italy,Argentina,Spain,True
Julián Alvarez,Calchín,Argentina  Italy,Argentina,Argentina,False
José Manuel López,San Lorenzo,Argentina,Argentina,France,True
Álvaro Montero,El Molino,Colombia,Colombia,Spain,True
Camilo Vargas,Bogotá,Colombia,Colombia,Colombia,False
David Ospina,Medellín,Colombia  France,Colombia,Colombia,False
Jhon Lucumí,Santiago de Cali,Colombia,Colombia,Colombia,False
Davinson Sánchez,Caloto,Colombia,Colombia,Colombia,False
Yerson Mosquera,Apartadó,Colombia,Colombia,Colombia,False
Juan Cabal,Santiago de Cali,Colombia,Colombia,Colombia,False
Deiver Machado,Tadó,Colombia,Colombia,Colombia,False
Johan Mojica,Santiago de Cali,Colombia  Spain,Colombia,Colombia,False
Daniel Muñoz,Amalfi,Colombia,Colombia,Italy,True
Santiago Arias,Medellín,Colombia,Colombia,Colombia,False
Richard Ríos,Vegachí,Colombia,Colombia,Colombia,False
Jefferson Lerma,Cerrito,Colombia,Colombia,Brazil,True
Kevin Castaño,Itagüí,Colombia,Colombia,Colombia,False
Gustavo Puerta,La Victoria,Colombia,Colombia,Spain,True
Jorge Carrascal,Cartagena de Indias,Colombia,Colombia,Colombia,False
James Rodríguez,Cúcuta,Colombia  Spain,Colombia,Colombia,False
Juan Fernando Quintero,Medellín,Colombia,Colombia,Colombia,False
Luis Díaz,Barrancas,Colombia,Colombia,Chile,True
Andrés Gómez,Quibdó,Colombia,Colombia,Colombia,False
Jáminton Campaz,Tumaco,Colombia,Colombia,Colombia,False
Johan Carbonero,Santander de Quilichao,Colombia,Colombia,Colombia,False
Jhon Arias,Quibdó,Colombia,Colombia,Colombia,False
Luis Suárez,Santa Marta,Colombia  Spain,Colombia,Colombia,False
Jhon Córdoba,Istmina,Colombia,Colombia,Colombia,False
Rafael Borré,Barranquilla,Colombia,Colombia,Colombia,False
Lawrence Ati Zigi,Accra,Ghana,Ghana,Ghana,False
Joseph Anang,Teshie,Ghana  England,Ghana,Ghana,False
Benjamin Asare,,Ghana,Ghana,,True
Kojo Peprah Oppong,Accra,Ghana,Ghana,Ghana,False
Jonas Adjetey,Accra,Ghana,Ghana,Ghana,False
Jerome Opoku,London,Ghana  England,Ghana,United Kingdom,True
Alexander Djiku,Montpellier,Ghana  France,Ghana,France,True
Manu Duah,Accra,Ghana,Ghana,Ghana,False
Patric Pfeiffer,Hamburg,Ghana  Germany,Ghana,Germany,True
Derrick Köhn,Hamburg,Ghana  Germany,Ghana,Germany,True
Gideon Mensah,Accra,Ghana,Ghana,Ghana,False
Marvin Senaya,Saint-Maurice,Ghana  France,Ghana,France,True
Ibrahim Sulemana,Sunyani,Ghana,Ghana,Ghana,False
Elisha Owusu,Montreuil,Ghana  France,Ghana,France,True
Thomas Partey,Odumase Krobo,Ghana,Ghana,Ghana,False
Caleb Yirenkyi,Bechem,Ghana,Ghana,Ghana,False
Kwasi Sibo,Wa,Ghana,Ghana,Australia,True
Augustine Boakye,Bompata,Ghana,Ghana,Ghana,False
Kamaldeen Sulemana,Techiman,Ghana,Ghana,Ghana,False
Christopher Bonsu Baah,Accra,Ghana,Ghana,Ghana,False
Francis Amuzu,Accra,Ghana  Belgium,Ghana,Ghana,False
Antoine Semenyo,London,Ghana  England,Ghana,United Kingdom,True
Mohammed Kudus,Accra,Ghana,Ghana,Ghana,False
Abdul Fatawu,Tamale,Ghana,Ghana,Ghana,False
Jesurun Rak-Sakyi,London,Ghana  England,Ghana,United Kingdom,True
Dan Agyei,London,Ghana  England,Ghana,United Kingdom,True
Brandon Thomas-Asante,Milton Keynes,Ghana  England,Ghana,United Kingdom,True
Ransford Königsdörffer,Berlin,Ghana  Germany,Ghana,Germany,True
Prince Adu,Sunyani,Ghana,Ghana,Ghana,False
Jordan Ayew,Marseille,Ghana  France,Ghana,France,True
Luca Zidane,Marseille,Algeria  France,Algeria,France,True
Anthony Mandréa,Grasse,Algeria  France,Algeria,France,True
Melvin Mastil,Thonon-les-Bains,Algeria  France,Algeria,France,True
Kilian Belazzoug,Paris,Algeria  France,Algeria,France,True
Ramy Bensebaini,Constantine,Algeria,Algeria,Algeria,False
Sohaib Naïr,Saint-Denis,Algeria  France,Algeria,France,True
Zineddine Belaid,Thénia,Algeria,Algeria,Algeria,False
Aïssa Mandi,Châlons-en-Champagne,Algeria  France,Algeria,France,True
Achref Abada,Touggourt,Algeria,Algeria,Algeria,False
Rayan Aït-Nouri,Montreuil,Algeria  France,Algeria,France,True
Mehdi Dorval,Paris,Algeria  France,Algeria,France,True
Rafik Belghali,Leuven,Algeria  Belgium,Algeria,Belgium,True
Ramiz Zerrouki,Amsterdam,Algeria  Netherlands,Algeria,Netherlands,True
Hicham Boudaoui,Béchar,Algeria,Algeria,Algeria,False
Yassine Titraoui,M'Sila,Algeria,Algeria,Algeria,False
Ibrahim Maza,Berlin,Algeria  Germany,Algeria,Germany,True
Farès Chaïbi,Lyon,Algeria  France,Algeria,France,True
Houssem Aouar,Lyon,Algeria  France,Algeria,France,True
Adil Aouchiche,Le Blanc-Mesnil,Algeria  France,Algeria,France,True
Adil Boulbina,El Milia,Algeria,Algeria,Algeria,False
Riyad Mahrez,Clichy,Algeria  France,Algeria,France,True
Farès Ghedjemis,Montreuil,Algeria  France,Algeria,France,True
Amine Gouiri,Bourgoin-Jallieu,Algeria  France,Algeria,France,True
Mohamed Amoura,Tahir,Algeria,Algeria,Turkey,True
Amin Chiakha,København,Algeria  Denmark,Algeria,Denmark,True
Nadhir Benbouali,Chlef,Algeria,Algeria,Algeria,False
Eloy Room,Nijmegen,Curacao  Netherlands,Curacao,Netherlands,True
Trevor Doornbusch,Haarlem,Curacao  Netherlands,Curacao,Netherlands,True
Tyrick Bodak,Almere,Curacao  Netherlands,Curacao,Netherlands,True
Armando Obispo,Den Bosch,Curacao  Netherlands,Curacao,Netherlands,True
Riechedly Bazoer,Utrecht,Curacao  Netherlands,Curacao,Netherlands,True
Deveron Fonville,Nieuwegein,Curacao  Netherlands,Curacao,Netherlands,True
Juriën Gaari,Kerkrade,Curacao  Netherlands,Curacao,Netherlands,True
Roshon van Eijma,Tilburg,Curacao  Netherlands,Curacao,Netherlands,True
Sherel Floranus,Rotterdam,Curacao  Netherlands,Curacao,Netherlands,True
Shurandy Sambo,Geldrop,Curacao  Netherlands,Curacao,Netherlands,True
Joshua Brenet,Kerkrade,Curacao  Netherlands,Curacao,Netherlands,True
Livano Comenencia,Breda,Curacao  Netherlands,Curacao,Netherlands,True
Kevin Felida,Spijkenisse,Curacao  Netherlands,Curacao,Netherlands,True
Godfried Roemeratoe,Oost-Souburg,Curacao  Netherlands,Curacao,Netherlands,True
Juninho Bacuna,Groningen,Curacao  Netherlands,Curacao,Netherlands,True
Leandro Bacuna,Groningen,Curacao  Netherlands,Curacao,Netherlands,True
Tyrese Noslin,Amsterdam,Curacao  Netherlands,Curacao,Netherlands,True
Tahith Chong,Willemstad,Curacao  Netherlands,Curacao,Netherlands,True
Jearl Margaritha,Groningen,Curacao  Netherlands,Curacao,Netherlands,True
Jeremy Antonisse,Rosmalen,Curacao  Netherlands,Curacao,Netherlands,True
Kenji Gorré,Spijkenisse,Curacao  Netherlands,Curacao,Netherlands,True
Sontje Hansen,Hoorn,Curacao  Netherlands,Curacao,Netherlands,True
Ar'jany Martha,Rotterdam,Curacao  Netherlands,Curacao,Netherlands,True
Brandley Kuwas,Hoorn,Curacao  Netherlands,Curacao,Netherlands,True
Jürgen Locadia,Emmen,Curacao  Netherlands,Curacao,Netherlands,True
Gervane Kastaneer,Rotterdam,Curacao  Netherlands,Curacao,Netherlands,True
CJ dos Santos,"Philadelphia, Pennsylvania",Cape Verde  United States,Cape Verde,United States,True
Márcio Rosa,Praia,Cape Verde  Portugal,Cape Verde,Cape Verde,False
Vozinha,Mindelo,Cape Verde,Cape Verde,Cape Verde,False
Logan Costa,Saint-Denis,Cape Verde  France,Cape Verde,France,True
Diney Borges,Tarrafal,Cape Verde  Portugal,Cape Verde,Cape Verde,False
Kelvin Pires,Mindelo,Cape Verde,Cape Verde,Cape Verde,False
Roberto Lopes,"Crumlin, Dublin",Cape Verde  Ireland,Cape Verde,Ireland,True
Stopira,Nossa Senhora da Graça,Cape Verde  Hungary,Cape Verde,Brazil,True
Wagner Pina,Lisboa,Cape Verde  Portugal,Cape Verde,Portugal,True
Sidny Lopes Cabral,Rotterdam,Cape Verde  Netherlands,Cape Verde,Netherlands,True
Steven Moreira,Noisy-le-Grand,Cape Verde  France,Cape Verde,France,True
Kevin Lenini,Praia,Cape Verde  Portugal,Cape Verde,Cape Verde,False
Laros Duarte,Rotterdam,Cape Verde  Netherlands,Cape Verde,Netherlands,True
João Paulo,Ribeira Grande,Cape Verde,Cape Verde,Portugal,True
Deroy Duarte,Rotterdam,Cape Verde  Netherlands,Cape Verde,Netherlands,True
Jamiro Monteiro,Rotterdam,Cape Verde  Netherlands,Cape Verde,Netherlands,True
Yannick Semedo,Praia,Cape Verde  Portugal,Cape Verde,Cape Verde,False
Hélio Varela,Almada,Cape Verde  Portugal,Cape Verde,Portugal,True
Willy Semedo,Bordeaux,Cape Verde  France,Cape Verde,France,True
Jovane Cabral,Assomada,Cape Verde  Portugal,Cape Verde,Portugal,True
Ryan Mendes,Fogo,Cape Verde  France,Cape Verde,Cape Verde,False
Telmo Arcanjo,Lisboa,Cape Verde  Portugal,Cape Verde,Portugal,True
Garry Rodrigues,Rotterdam,Cape Verde  Netherlands,Cape Verde,Netherlands,True
Benchimol,Praia,Cape Verde  Portugal,Cape Verde,Cape Verde,False
Dailon Livramento,Rotterdam,Cape Verde  Netherlands,Cape Verde,Netherlands,True
Nuno Da Costa,Praïa,Cape Verde  France,Cape Verde,Cape Verde,False
Max Crocombe,Auckland,New Zealand  England,New Zealand,New Zealand,False
Alex Paulsen,Auckland,New Zealand  South Africa,New Zealand,New Zealand,False
Michael Woud,Auckland,New Zealand  Netherlands,New Zealand,New Zealand,False
Tyler Bindon,Auckland,New Zealand  United States,New Zealand,New Zealand,False
Finn Surman,Cardiff,New Zealand  Wales,New Zealand,United Kingdom,True
Nando Pijnaker,Brummen,New Zealand  Netherlands,New Zealand,Netherlands,True
Michael Boxall,Auckland,New Zealand  Samoa,New Zealand,New Zealand,False
Tommy Smith,Macclesfield,New Zealand  England,New Zealand,United Kingdom,True
Liberato Cacace,Wellington,New Zealand  Italy,New Zealand,New Zealand,False
Ben Old,Auckland,New Zealand,New Zealand,New Zealand,False
Francis de Vries,Christchurch,New Zealand,New Zealand,New Zealand,False
Tim Payne,Auckland,New Zealand,New Zealand,New Zealand,False
Callan Elliot,Dumfries,New Zealand  Scotland,New Zealand,United Kingdom,True
Joe Bell,Bristol,New Zealand  England,New Zealand,United Kingdom,True
Ryan Thomas,Te Puke,New Zealand  England,New Zealand,New Zealand,False
Alex Rufer,Genève,New Zealand  Switzerland,New Zealand,Switzerland,True
Marko Stamenić,Wellington,New Zealand  Serbia,New Zealand,New Zealand,False
Matthew Garbett,London,New Zealand  France,New Zealand,United Kingdom,True
Lachlan Bayliss,Darwin,New Zealand  Australia,New Zealand,Australia,True
Callum McCowatt,Auckland,New Zealand,New Zealand,New Zealand,False
Sarpreet Singh,Auckland,New Zealand  India,New Zealand,New Zealand,False
Jesse Randall,Wellington,New Zealand  England,New Zealand,New Zealand,False
Elijah Just,Palmerston North,New Zealand,New Zealand,New Zealand,False
Chris Wood,Auckland,New Zealand,New Zealand,New Zealand,False
Ben Waine,Wellington,New Zealand  England,New Zealand,New Zealand,False
Kosta Barbarouses,Wellington,New Zealand  Greece,New Zealand,New Zealand,False
Aymen Dahmen,Sfax,Tunisia,Tunisia,Tunisia,False
Abdelmouhib Chamakh,,Tunisia,Tunisia,,True
Sabri Ben Hessen,,Tunisia,Tunisia,,True
Montassar Talbi,Paris,Tunisia  France,Tunisia,France,True
Adem Arous,Medina,Tunisia,Tunisia,Saudi Arabia,True
Dylan Bronn,Cannes,Tunisia  France,Tunisia,France,True
Omar Rekik,Helmond,Tunisia  Netherlands,Tunisia,Netherlands,True
Raed Chikhaoui,,Tunisia,Tunisia,,True
Ali Abdi,Sfax,Tunisia,Tunisia,Tunisia,False
Mohamed Amine Ben Hamida,Tunis,Tunisia,Tunisia,Tunisia,False
Yan Valery,Champigny-sur-Marne,Tunisia  France,Tunisia,France,True
Moutaz Neffati,Norrköping,Tunisia  Sweden,Tunisia,Sweden,True
Ellyes Skhiri,Lunel,Tunisia  France,Tunisia,France,True
Mohamed Belhadj Mahmoud,Sousse,Tunisia,Tunisia,Tunisia,False
Rani Khedira,Stuttgart,Tunisia  Germany,Tunisia,Germany,True
Anis Ben Slimane,Kopenhagen,Tunisia  Denmark,Tunisia,Denmark,True
Hannibal,Ivry-sur-Seine,Tunisia  France,Tunisia,France,True
Sebastian Tounekti,Tromsø,Tunisia  Norway,Tunisia,Norway,True
Ismaël Gharbi,Paris,Tunisia  Spain,Tunisia,France,True
Elias Achouri,Saint-Denis de La Réunion,Tunisia  France,Tunisia,France,True
Elias Saad,Hamburg,Tunisia  Germany,Tunisia,Germany,True
Mortadha Ben Ouanes,Sousse,Tunisia,Tunisia,Tunisia,False
Khalil Ayari,Tunis,Tunisia,Tunisia,Tunisia,False
Firas Chaouat,Sfax,Tunisia,Tunisia,Tunisia,False
Hazem Mastouri,Tunis,Tunisia,Tunisia,Tunisia,False
Rayan Elloumi,"St. Albert, Alberta",Tunisia  Canada,Tunisia,Canada,True
